User, Item, Rating, partner:1, partner:6, partner:2, partner:3, partner:5, partner:4, time:2, time:3, time:1, time:4
93,31,4,0,0,1,0,0,0,1,0,0,0
30,9,5,0,0,0,1,0,0,1,0,0,0
7,47,3,0,1,0,0,0,0,0,1,0,0
16,34,2,1,0,0,0,0,0,1,0,0,0
45,8,4,0,1,0,0,0,0,0,0,1,0
56,8,5,0,0,1,0,0,0,0,1,0,0
100,24,5,0,0,0,0,0,1,0,1,0,0
17,8,3,0,0,0,0,0,1,1,0,0,0
5,25,4,0,0,1,0,0,0,1,0,0,0
7,44,5,0,0,0,0,1,0,0,1,0,0
20,42,4,1,0,0,0,0,0,0,0,1,0
42,48,2,0,0,0,0,0,1,0,0,1,0
39,2,4,0,1,0,0,0,0,0,0,1,0
62,51,2,0,0,0,0,1,0,0,0,1,0
45,17,5,0,0,1,0,0,0,0,0,1,0
36,9,5,0,0,0,0,1,0,0,0,0,1
88,24,3,0,1,0,0,0,0,0,0,1,0
94,15,5,1,0,0,0,0,0,0,1,0,0
66,36,5,0,0,0,1,0,0,0,0,0,1
51,32,5,0,0,0,0,1,0,0,0,0,1
28,52,3,0,0,1,0,0,0,1,0,0,0
81,2,3,1,0,0,0,0,0,0,0,0,1
17,25,4,0,1,0,0,0,0,0,0,0,1
3,32,3,0,1,0,0,0,0,0,0,0,1
78,17,4,0,0,0,0,0,1,0,0,0,1
59,24,4,1,0,0,0,0,0,0,1,0,0
9,51,5,0,0,0,0,0,1,0,1,0,0
32,49,3,0,0,0,0,0,1,0,0,0,1
88,16,4,0,0,1,0,0,0,1,0,0,0
70,39,5,0,0,1,0,0,0,0,0,0,1
49,41,5,0,0,0,1,0,0,0,1,0,0
80,2,5,0,0,1,0,0,0,0,0,0,1
96,32,5,0,0,0,1,0,0,0,1,0,0
47,40,4,0,0,0,0,1,0,0,1,0,0
55,48,2,0,0,0,0,1,0,0,0,0,1
3,14,3,1,0,0,0,0,0,1,0,0,0
63,6,4,0,0,0,0,0,1,1,0,0,0
47,39,5,0,0,0,0,0,1,0,0,1,0
57,12,4,0,0,0,0,0,1,1,0,0,0
35,30,3,0,0,0,0,0,1,1,0,0,0
29,9,4,0,0,0,0,0,1,0,0,1,0
31,35,5,0,0,0,1,0,0,0,1,0,0
31,36,2,0,0,0,1,0,0,0,0,1,0
59,6,4,0,0,0,1,0,0,1,0,0,0
5,24,5,0,1,0,0,0,0,0,0,0,1
87,47,5,0,0,1,0,0,0,1,0,0,0
28,5,3,0,0,0,0,1,0,0,1,0,0
31,37,5,0,1,0,0,0,0,0,0,1,0
60,20,5,1,0,0,0,0,0,0,1,0,0
59,28,5,0,0,0,0,1,0,0,1,0,0
7,36,5,0,0,0,1,0,0,1,0,0,0
30,5,2,0,0,0,1,0,0,0,0,1,0
20,21,3,1,0,0,0,0,0,1,0,0,0
8,40,4,0,1,0,0,0,0,0,0,0,1
71,22,4,0,0,0,1,0,0,0,0,1,0
62,53,5,0,0,1,0,0,0,0,0,0,1
10,51,5,1,0,0,0,0,0,0,0,0,1
9,26,5,0,1,0,0,0,0,0,0,0,1
45,12,5,0,0,1,0,0,0,0,0,1,0
90,21,5,1,0,0,0,0,0,0,0,1,0
78,33,4,0,1,0,0,0,0,0,1,0,0
66,42,3,0,0,0,0,0,1,0,0,1,0
49,31,2,0,1,0,0,0,0,0,0,0,1
70,18,4,0,0,1,0,0,0,0,0,0,1
7,24,2,0,0,0,1,0,0,0,1,0,0
41,38,5,0,0,0,0,1,0,0,0,1,0
99,50,4,0,1,0,0,0,0,0,1,0,0
93,38,4,0,0,0,1,0,0,1,0,0,0
37,42,3,0,0,0,1,0,0,0,1,0,0
70,40,4,0,0,0,1,0,0,1,0,0,0
80,7,3,0,0,0,0,0,1,0,0,1,0
77,17,2,0,0,0,0,1,0,1,0,0,0
96,8,4,0,0,0,1,0,0,0,0,0,1
9,6,3,0,0,0,0,1,0,0,0,0,1
89,43,4,0,1,0,0,0,0,0,0,0,1
30,51,3,0,1,0,0,0,0,1,0,0,0
1,51,2,1,0,0,0,0,0,1,0,0,0
52,43,5,0,0,0,0,1,0,0,1,0,0
57,44,5,1,0,0,0,0,0,0,0,1,0
19,7,2,0,0,0,0,0,1,1,0,0,0
1,44,4,0,0,0,0,0,1,0,0,1,0
21,39,4,0,0,1,0,0,0,0,1,0,0
7,37,4,1,0,0,0,0,0,0,0,0,1
96,45,5,0,0,0,1,0,0,0,1,0,0
32,28,3,0,0,0,0,0,1,1,0,0,0
12,44,5,0,0,0,1,0,0,0,0,0,1
78,50,2,0,1,0,0,0,0,0,1,0,0
60,44,3,0,0,0,0,0,1,0,0,1,0
84,45,5,0,0,0,0,1,0,0,0,1,0
25,15,5,0,0,1,0,0,0,0,0,1,0
1,5,3,0,0,0,0,0,1,0,0,0,1
25,17,4,0,0,0,0,1,0,1,0,0,0
9,15,2,0,0,1,0,0,0,0,0,0,1
14,29,5,1,0,0,0,0,0,0,0,0,1
2,42,4,0,1,0,0,0,0,0,1,0,0
80,12,4,0,0,0,0,0,1,0,0,1,0
85,34,2,0,0,0,0,0,1,1,0,0,0
28,22,4,0,0,1,0,0,0,0,0,1,0
26,7,3,0,0,0,0,1,0,1,0,0,0
54,16,4,1,0,0,0,0,0,0,1,0,0
60,46,4,0,0,0,1,0,0,0,0,0,1
31,33,3,0,0,1,0,0,0,1,0,0,0
10,46,3,0,0,0,0,0,1,0,0,0,1
66,21,4,0,0,0,0,0,1,0,1,0,0
46,32,4,0,0,1,0,0,0,0,0,1,0
3,1,3,1,0,0,0,0,0,1,0,0,0
82,20,5,0,1,0,0,0,0,0,0,1,0
10,33,2,0,1,0,0,0,0,0,0,0,1
94,47,4,0,0,0,0,0,1,0,0,0,1
98,23,4,0,0,0,0,0,1,1,0,0,0
13,49,5,0,0,1,0,0,0,0,0,1,0
21,34,4,0,0,1,0,0,0,1,0,0,0
99,10,5,1,0,0,0,0,0,0,1,0,0
54,43,3,0,0,1,0,0,0,0,0,1,0
54,2,5,0,0,0,0,1,0,1,0,0,0
15,29,4,0,0,1,0,0,0,0,1,0,0
12,21,3,0,0,0,0,0,1,0,0,0,1
74,21,4,0,0,0,0,1,0,0,0,1,0
27,41,3,0,0,0,0,0,1,0,0,0,1
19,16,4,0,0,0,1,0,0,0,0,1,0
34,43,3,0,0,0,1,0,0,0,0,1,0
30,11,4,1,0,0,0,0,0,0,0,0,1
60,11,5,0,0,0,0,1,0,0,1,0,0
28,19,3,0,1,0,0,0,0,0,0,1,0
62,13,4,1,0,0,0,0,0,0,1,0,0
8,14,2,0,0,0,0,1,0,0,1,0,0
59,15,5,1,0,0,0,0,0,0,0,1,0
27,8,3,0,0,0,0,1,0,1,0,0,0
65,31,2,0,0,0,0,0,1,0,0,1,0
86,33,5,0,0,0,1,0,0,0,1,0,0
45,38,5,0,1,0,0,0,0,0,1,0,0
64,52,2,0,0,0,1,0,0,0,1,0,0
68,2,4,0,0,0,1,0,0,0,0,1,0
66,18,2,0,1,0,0,0,0,0,1,0,0
21,8,5,0,0,0,1,0,0,1,0,0,0
55,30,2,0,0,0,1,0,0,0,0,1,0
59,42,3,0,1,0,0,0,0,0,1,0,0
63,45,5,1,0,0,0,0,0,0,0,1,0
19,43,2,0,0,0,0,0,1,0,0,1,0
42,37,4,0,0,0,0,1,0,1,0,0,0
92,52,4,1,0,0,0,0,0,0,0,1,0
1,31,5,0,0,0,0,0,1,0,1,0,0
89,44,3,0,0,1,0,0,0,0,0,1,0
56,30,4,0,1,0,0,0,0,0,0,0,1
16,43,5,0,1,0,0,0,0,1,0,0,0
46,39,5,0,0,0,1,0,0,0,0,1,0
100,16,4,0,0,1,0,0,0,0,1,0,0
42,26,2,0,1,0,0,0,0,0,0,0,1
58,13,2,1,0,0,0,0,0,0,0,0,1
42,22,2,0,0,1,0,0,0,0,0,1,0
74,26,3,0,0,0,1,0,0,1,0,0,0
46,31,5,0,1,0,0,0,0,0,0,0,1
14,24,3,1,0,0,0,0,0,0,1,0,0
24,41,4,0,0,1,0,0,0,1,0,0,0
30,37,5,1,0,0,0,0,0,0,1,0,0
62,25,5,0,0,0,0,1,0,0,0,1,0
93,36,5,0,0,1,0,0,0,0,1,0,0
57,15,3,0,0,0,1,0,0,0,0,0,1
84,38,4,0,0,0,1,0,0,0,1,0,0
7,40,4,1,0,0,0,0,0,0,0,0,1
7,39,4,0,0,0,0,0,1,0,0,1,0
7,21,3,0,1,0,0,0,0,0,1,0,0
34,27,3,1,0,0,0,0,0,0,0,0,1
59,11,3,0,0,0,1,0,0,1,0,0,0
95,51,4,1,0,0,0,0,0,0,0,1,0
80,18,5,0,0,0,0,1,0,0,0,1,0
66,37,3,0,0,0,1,0,0,0,0,1,0
18,49,5,0,1,0,0,0,0,0,0,0,1
45,23,4,1,0,0,0,0,0,0,1,0,0
32,3,4,0,0,0,1,0,0,1,0,0,0
79,53,5,0,0,1,0,0,0,0,0,1,0
70,15,5,0,0,0,0,1,0,0,0,1,0
58,2,3,0,1,0,0,0,0,0,0,1,0
77,41,5,0,0,0,1,0,0,0,0,0,1
55,6,5,0,1,0,0,0,0,0,0,1,0
54,28,5,0,0,0,1,0,0,0,0,1,0
51,40,4,0,0,0,0,1,0,0,0,1,0
27,43,5,0,0,0,1,0,0,0,0,0,1
53,15,3,0,0,0,0,0,1,0,0,1,0
20,18,2,0,0,0,1,0,0,0,0,0,1
38,15,3,0,0,0,1,0,0,0,1,0,0
72,32,5,0,0,0,1,0,0,0,1,0,0
38,52,1,0,0,1,0,0,0,0,0,0,1
93,35,3,0,1,0,0,0,0,1,0,0,0
75,6,4,1,0,0,0,0,0,1,0,0,0
73,6,4,0,0,0,1,0,0,0,0,0,1
90,24,5,0,0,1,0,0,0,0,1,0,0
32,45,3,0,0,1,0,0,0,0,0,1,0
51,50,5,0,1,0,0,0,0,1,0,0,0
53,22,4,0,1,0,0,0,0,0,1,0,0
96,23,5,0,0,0,0,1,0,1,0,0,0
70,33,5,0,1,0,0,0,0,0,0,1,0
25,6,2,0,0,0,0,1,0,1,0,0,0
95,18,3,1,0,0,0,0,0,0,1,0,0
28,50,4,1,0,0,0,0,0,0,0,0,1
47,35,5,0,0,1,0,0,0,1,0,0,0
71,44,4,1,0,0,0,0,0,1,0,0,0
24,19,4,1,0,0,0,0,0,0,1,0,0
90,15,3,0,0,0,0,0,1,0,1,0,0
95,6,5,0,0,0,0,1,0,1,0,0,0
41,18,2,1,0,0,0,0,0,1,0,0,0
13,5,5,0,0,0,0,0,1,1,0,0,0
16,27,2,0,1,0,0,0,0,1,0,0,0
73,44,3,1,0,0,0,0,0,0,0,0,1
57,28,4,0,0,0,1,0,0,0,0,1,0
53,20,5,1,0,0,0,0,0,0,0,1,0
99,49,3,0,0,0,1,0,0,1,0,0,0
100,22,2,0,0,0,1,0,0,0,1,0,0
20,48,5,0,0,0,0,0,1,0,0,0,1
29,7,4,0,0,0,0,1,0,0,0,0,1
26,18,2,0,0,1,0,0,0,0,1,0,0
87,39,3,0,0,1,0,0,0,0,1,0,0
2,46,5,0,0,0,0,0,1,0,0,1,0
48,17,3,0,0,0,0,0,1,1,0,0,0
37,22,4,0,0,0,0,0,1,0,0,0,1
22,15,4,0,0,0,0,0,1,1,0,0,0
14,7,5,0,0,1,0,0,0,1,0,0,0
12,14,5,1,0,0,0,0,0,0,0,0,1
24,23,5,1,0,0,0,0,0,0,0,1,0
69,41,3,0,0,1,0,0,0,0,1,0,0
3,2,2,0,0,0,1,0,0,0,0,0,1
7,5,5,0,0,0,0,0,1,0,1,0,0
11,18,2,0,0,0,1,0,0,0,1,0,0
93,34,4,0,0,0,1,0,0,0,1,0,0
7,9,3,0,1,0,0,0,0,0,1,0,0
63,11,3,0,0,0,1,0,0,0,0,0,1
55,24,5,0,0,0,0,0,1,0,0,1,0
29,44,5,0,0,0,0,1,0,0,0,1,0
29,28,4,0,0,0,1,0,0,0,1,0,0
60,4,5,0,0,0,1,0,0,0,0,1,0
93,23,3,0,1,0,0,0,0,0,0,1,0
44,24,2,0,0,1,0,0,0,0,0,0,1
14,11,2,1,0,0,0,0,0,0,1,0,0
34,24,5,0,0,1,0,0,0,0,1,0,0
10,22,2,1,0,0,0,0,0,1,0,0,0
24,4,5,1,0,0,0,0,0,0,0,1,0
43,43,4,1,0,0,0,0,0,0,1,0,0
82,40,5,0,0,0,1,0,0,1,0,0,0
96,43,5,0,1,0,0,0,0,1,0,0,0
44,44,3,0,1,0,0,0,0,1,0,0,0
55,14,3,0,0,0,0,1,0,0,1,0,0
56,44,4,0,0,1,0,0,0,0,1,0,0
89,5,5,0,0,0,0,1,0,1,0,0,0
99,24,3,0,0,0,0,1,0,0,0,0,1
92,6,5,0,0,0,1,0,0,1,0,0,0
20,5,2,0,1,0,0,0,0,0,1,0,0
87,34,3,0,0,1,0,0,0,1,0,0,0
72,5,5,0,0,0,1,0,0,0,1,0,0
46,12,4,0,0,0,0,1,0,0,0,1,0
46,47,4,1,0,0,0,0,0,1,0,0,0
58,14,4,0,0,0,0,0,1,1,0,0,0
43,14,4,0,0,0,0,1,0,0,0,0,1
91,20,3,0,0,0,0,1,0,1,0,0,0
38,42,2,0,0,1,0,0,0,0,0,1,0
63,30,4,0,1,0,0,0,0,0,1,0,0
65,43,4,0,1,0,0,0,0,0,0,1,0
4,43,2,0,0,0,0,0,1,1,0,0,0
30,52,2,0,0,0,0,0,1,1,0,0,0
93,24,4,0,0,0,0,1,0,0,1,0,0
55,32,5,0,1,0,0,0,0,0,1,0,0
18,42,3,0,0,0,1,0,0,0,1,0,0
20,7,4,1,0,0,0,0,0,0,0,0,1
11,28,3,0,1,0,0,0,0,0,0,1,0
67,48,4,0,0,0,0,1,0,0,0,0,1
39,42,3,0,0,0,1,0,0,1,0,0,0
69,49,4,1,0,0,0,0,0,1,0,0,0
62,6,3,0,0,0,0,1,0,1,0,0,0
13,43,5,1,0,0,0,0,0,0,1,0,0
44,28,5,0,0,1,0,0,0,0,1,0,0
96,34,5,0,0,0,0,0,1,0,1,0,0
48,20,4,0,0,1,0,0,0,1,0,0,0
13,47,5,0,0,0,1,0,0,0,0,1,0
31,44,5,0,0,0,1,0,0,0,1,0,0
9,27,5,0,1,0,0,0,0,0,0,1,0
6,27,5,0,0,0,0,0,1,0,1,0,0
55,7,4,0,1,0,0,0,0,0,0,0,1
92,44,5,0,0,0,1,0,0,1,0,0,0
93,7,4,1,0,0,0,0,0,0,0,0,1
66,9,5,0,0,0,0,1,0,0,0,1,0
16,39,5,0,0,0,0,0,1,0,0,0,1
63,14,5,0,0,0,0,0,1,0,1,0,0
59,38,3,0,0,0,1,0,0,1,0,0,0
19,25,2,0,0,0,1,0,0,1,0,0,0
50,6,4,1,0,0,0,0,0,1,0,0,0
25,4,5,1,0,0,0,0,0,0,0,0,1
45,28,5,0,0,0,0,1,0,0,0,1,0
56,16,5,0,0,0,0,1,0,0,1,0,0
21,28,4,0,0,0,1,0,0,0,0,0,1
69,12,4,0,0,0,0,0,1,0,1,0,0
96,22,5,0,0,1,0,0,0,0,1,0,0
85,36,5,1,0,0,0,0,0,0,0,0,1
65,18,4,0,0,0,1,0,0,0,0,0,1
44,41,5,0,0,0,1,0,0,0,0,1,0
90,13,2,1,0,0,0,0,0,0,0,0,1
81,43,2,1,0,0,0,0,0,0,0,1,0
13,31,2,0,0,0,0,0,1,0,1,0,0
34,13,2,1,0,0,0,0,0,1,0,0,0
57,42,4,0,0,0,0,0,1,0,0,1,0
57,24,3,1,0,0,0,0,0,1,0,0,0
77,42,3,0,0,0,1,0,0,1,0,0,0
6,18,3,0,0,0,0,1,0,0,0,0,1
39,45,4,0,0,0,0,0,1,1,0,0,0
62,35,4,0,0,0,0,1,0,0,1,0,0
15,11,4,0,0,0,0,0,1,0,0,1,0
45,14,4,0,0,0,1,0,0,0,0,1,0
52,41,5,0,1,0,0,0,0,0,0,1,0
72,41,4,0,0,0,0,1,0,0,0,0,1
58,22,3,0,1,0,0,0,0,0,1,0,0
31,27,2,0,0,0,0,1,0,0,0,0,1
17,30,5,0,0,0,1,0,0,0,0,0,1
57,41,5,0,0,1,0,0,0,0,0,0,1
3,20,2,0,0,0,0,0,1,0,1,0,0
95,28,3,0,0,1,0,0,0,0,1,0,0
74,38,2,0,0,0,0,0,1,0,0,0,1
12,12,4,0,0,0,0,0,1,1,0,0,0
31,39,5,0,0,0,0,1,0,0,0,0,1
51,39,4,0,0,0,0,0,1,1,0,0,0
50,18,5,0,0,0,0,1,0,0,1,0,0
93,12,3,1,0,0,0,0,0,1,0,0,0
93,21,2,0,0,0,0,1,0,1,0,0,0
62,18,3,0,0,0,1,0,0,0,0,1,0
33,44,4,1,0,0,0,0,0,0,0,1,0
96,21,2,0,1,0,0,0,0,0,0,0,1
67,44,3,0,1,0,0,0,0,0,0,0,1
87,48,5,0,0,1,0,0,0,0,0,1,0
82,50,5,0,0,0,0,0,1,0,1,0,0
48,2,3,0,0,0,0,1,0,1,0,0,0
87,6,2,0,0,1,0,0,0,1,0,0,0
89,18,4,0,1,0,0,0,0,0,0,1,0
24,30,5,1,0,0,0,0,0,0,0,0,1
65,4,5,0,1,0,0,0,0,0,0,1,0
62,42,5,0,0,0,0,1,0,0,0,0,1
27,10,1,0,0,0,1,0,0,0,0,0,1
75,23,1,0,1,0,0,0,0,0,0,1,0
38,9,2,0,0,0,0,1,0,0,0,0,1
4,15,5,0,0,0,0,1,0,1,0,0,0
19,5,4,1,0,0,0,0,0,0,0,1,0
54,38,5,0,0,1,0,0,0,1,0,0,0
47,36,4,0,0,0,0,1,0,0,0,0,1
55,8,4,0,0,0,0,1,0,1,0,0,0
85,32,2,0,0,0,0,1,0,0,1,0,0
82,36,4,0,0,0,1,0,0,0,0,0,1
85,2,4,0,0,1,0,0,0,1,0,0,0
55,15,2,0,0,0,0,1,0,1,0,0,0
85,33,4,0,0,1,0,0,0,0,0,1,0
48,15,5,1,0,0,0,0,0,1,0,0,0
78,25,2,0,0,1,0,0,0,0,1,0,0
77,10,5,0,0,0,0,1,0,1,0,0,0
71,25,5,0,0,0,0,0,1,0,0,1,0
54,27,5,0,0,1,0,0,0,0,1,0,0
78,11,4,0,0,0,0,0,1,1,0,0,0
12,8,4,0,0,0,1,0,0,0,0,0,1
82,38,4,1,0,0,0,0,0,0,0,1,0
44,43,3,1,0,0,0,0,0,0,0,0,1
17,2,4,1,0,0,0,0,0,1,0,0,0
40,30,2,0,1,0,0,0,0,0,0,0,1
42,44,3,0,0,0,0,0,1,0,0,0,1
80,24,3,0,0,0,1,0,0,0,1,0,0
17,27,2,0,0,0,0,1,0,0,1,0,0
38,22,3,0,1,0,0,0,0,0,0,0,1
10,21,3,0,0,0,1,0,0,1,0,0,0
20,35,3,0,0,0,0,0,1,1,0,0,0
6,24,5,0,0,1,0,0,0,0,0,1,0
9,45,3,0,0,1,0,0,0,0,0,1,0
37,48,4,1,0,0,0,0,0,0,0,0,1
92,49,4,0,1,0,0,0,0,1,0,0,0
10,31,4,0,0,0,0,0,1,0,1,0,0
35,44,3,0,1,0,0,0,0,0,0,1,0
80,13,4,0,0,0,1,0,0,0,1,0,0
11,23,5,0,0,0,0,0,1,0,0,0,1
41,31,2,0,0,1,0,0,0,0,0,1,0
63,41,5,0,0,0,0,1,0,0,0,0,1
24,42,5,0,0,0,0,1,0,0,1,0,0
70,36,3,0,0,1,0,0,0,0,0,0,1
71,49,5,1,0,0,0,0,0,0,0,0,1
26,12,3,0,0,0,0,0,1,0,0,1,0
32,11,3,0,0,0,0,0,1,1,0,0,0
67,42,3,1,0,0,0,0,0,1,0,0,0
8,44,5,1,0,0,0,0,0,0,0,1,0
88,23,3,0,0,0,0,1,0,1,0,0,0
58,37,5,0,0,0,1,0,0,0,0,0,1
88,44,5,0,0,1,0,0,0,1,0,0,0
1,50,1,1,0,0,0,0,0,0,0,1,0
89,23,5,0,0,0,1,0,0,1,0,0,0
38,2,4,0,0,1,0,0,0,1,0,0,0
46,46,3,0,0,0,0,1,0,0,0,1,0
89,24,3,1,0,0,0,0,0,0,1,0,0
66,41,3,0,0,0,1,0,0,0,1,0,0
5,22,2,0,0,1,0,0,0,0,0,1,0
75,2,2,0,0,0,1,0,0,0,0,1,0
44,45,3,0,0,0,1,0,0,0,0,0,1
48,25,5,0,0,0,0,0,1,0,0,1,0
5,15,5,0,0,0,0,1,0,0,1,0,0
60,39,4,0,1,0,0,0,0,0,0,1,0
35,4,4,0,1,0,0,0,0,0,1,0,0
63,44,4,0,0,0,1,0,0,0,0,1,0
97,22,2,0,0,1,0,0,0,0,0,1,0
65,32,4,0,0,0,1,0,0,0,0,0,1
100,6,3,0,0,0,0,1,0,0,0,0,1
30,38,5,0,0,0,0,0,1,1,0,0,0
11,44,5,0,0,0,0,1,0,0,0,1,0
25,25,2,0,0,1,0,0,0,0,0,0,1
92,45,2,0,1,0,0,0,0,1,0,0,0
46,20,3,0,0,0,0,1,0,0,0,0,1
93,45,4,0,0,0,1,0,0,1,0,0,0
89,31,4,0,1,0,0,0,0,0,0,1,0
48,23,3,0,1,0,0,0,0,0,0,0,1
60,53,3,0,1,0,0,0,0,0,0,1,0
34,41,5,1,0,0,0,0,0,0,0,0,1
88,18,2,1,0,0,0,0,0,0,0,1,0
88,21,3,0,0,0,1,0,0,0,1,0,0
21,31,3,0,0,1,0,0,0,0,0,1,0
48,7,3,0,1,0,0,0,0,0,1,0,0
1,32,4,0,0,0,0,0,1,0,0,1,0
17,35,4,0,0,1,0,0,0,0,0,0,1
59,23,2,0,0,0,1,0,0,1,0,0,0
31,45,3,0,0,0,1,0,0,0,1,0,0
87,45,5,0,1,0,0,0,0,0,1,0,0
72,50,4,0,0,0,0,1,0,0,1,0,0
29,22,3,1,0,0,0,0,0,0,0,0,1
81,22,3,0,0,0,0,0,1,0,1,0,0
21,33,3,0,0,0,0,0,1,0,1,0,0
75,9,4,0,0,0,1,0,0,0,1,0,0
80,26,4,0,0,0,1,0,0,0,1,0,0
13,2,5,0,0,0,0,1,0,0,0,0,1
69,45,2,0,0,0,0,1,0,0,0,1,0
44,11,4,1,0,0,0,0,0,0,1,0,0
86,27,3,0,0,0,1,0,0,1,0,0,0
72,47,4,0,1,0,0,0,0,0,1,0,0
43,36,3,0,1,0,0,0,0,1,0,0,0
12,30,3,0,0,0,0,1,0,0,0,1,0
37,20,2,1,0,0,0,0,0,1,0,0,0
96,27,5,0,1,0,0,0,0,1,0,0,0
32,13,3,0,1,0,0,0,0,0,0,1,0
45,24,3,0,0,0,0,0,1,0,1,0,0
9,1,5,0,1,0,0,0,0,1,0,0,0
31,2,5,0,0,1,0,0,0,0,0,1,0
89,13,2,0,0,0,0,0,1,0,1,0,0
32,36,5,0,0,0,0,1,0,1,0,0,0
81,48,3,0,1,0,0,0,0,1,0,0,0
1,53,4,0,0,0,0,0,1,0,0,0,1
20,11,4,0,0,1,0,0,0,1,0,0,0
80,25,5,0,1,0,0,0,0,0,0,1,0
3,33,3,0,0,0,0,1,0,0,1,0,0
78,9,5,0,0,1,0,0,0,0,0,1,0
37,39,5,0,0,1,0,0,0,0,1,0,0
54,42,3,1,0,0,0,0,0,0,1,0,0
64,26,5,0,0,1,0,0,0,1,0,0,0
62,19,4,0,1,0,0,0,0,0,1,0,0
26,3,3,0,0,0,1,0,0,0,0,1,0
54,12,3,1,0,0,0,0,0,0,0,1,0
95,2,3,0,1,0,0,0,0,1,0,0,0
10,8,3,1,0,0,0,0,0,0,0,0,1
37,37,2,0,1,0,0,0,0,0,0,0,1
24,37,4,0,0,0,0,0,1,1,0,0,0
16,53,4,0,0,0,0,1,0,0,1,0,0
60,18,3,0,0,0,0,0,1,0,0,1,0
88,7,4,1,0,0,0,0,0,0,0,0,1
41,14,3,0,0,0,1,0,0,1,0,0,0
92,2,4,0,0,0,1,0,0,0,1,0,0
73,48,5,1,0,0,0,0,0,0,1,0,0
7,14,2,0,1,0,0,0,0,0,1,0,0
39,14,5,0,1,0,0,0,0,1,0,0,0
69,18,4,0,0,0,0,0,1,1,0,0,0
58,15,5,0,1,0,0,0,0,0,1,0,0
55,2,5,0,0,0,0,0,1,0,0,1,0
12,24,4,0,1,0,0,0,0,0,0,1,0
73,37,5,0,0,0,0,0,1,0,0,1,0
5,18,4,1,0,0,0,0,0,1,0,0,0
32,10,5,0,0,0,0,0,1,0,0,1,0
95,27,3,0,0,0,0,1,0,0,0,1,0
37,25,3,1,0,0,0,0,0,0,1,0,0
24,11,4,0,0,0,1,0,0,0,0,0,1
41,36,3,0,0,1,0,0,0,0,0,0,1
1,43,5,1,0,0,0,0,0,0,0,1,0
65,3,3,0,1,0,0,0,0,0,1,0,0
42,10,3,0,0,0,0,0,1,0,0,1,0
24,29,5,1,0,0,0,0,0,0,0,1,0
26,14,4,0,1,0,0,0,0,1,0,0,0
25,42,5,0,1,0,0,0,0,0,0,1,0
91,33,4,0,0,0,0,1,0,0,0,1,0
99,20,3,1,0,0,0,0,0,0,1,0,0
98,51,3,0,0,0,1,0,0,1,0,0,0
45,3,3,0,0,0,1,0,0,0,0,1,0
22,8,5,0,1,0,0,0,0,0,0,1,0
96,28,4,0,0,0,1,0,0,1,0,0,0
1,4,3,0,0,1,0,0,0,0,0,1,0
27,5,3,0,0,1,0,0,0,0,0,1,0
67,41,4,0,1,0,0,0,0,0,0,1,0
65,19,3,1,0,0,0,0,0,0,0,0,1
54,44,3,0,0,0,1,0,0,0,0,0,1
71,20,4,0,0,0,0,0,1,0,0,1,0
28,15,5,1,0,0,0,0,0,0,1,0,0
34,19,4,0,0,0,0,1,0,0,0,1,0
37,13,3,0,0,0,0,1,0,0,1,0,0
82,7,3,0,0,0,0,0,1,0,0,0,1
31,6,2,0,0,0,1,0,0,1,0,0,0
34,8,3,0,0,0,1,0,0,0,0,0,1
13,33,4,0,0,0,0,0,1,0,0,1,0
66,24,5,0,0,0,1,0,0,1,0,0,0
49,34,3,0,0,0,0,0,1,0,0,1,0
55,36,5,0,0,0,1,0,0,0,1,0,0
7,12,3,0,0,0,0,0,1,0,1,0,0
42,18,3,1,0,0,0,0,0,1,0,0,0
2,43,5,0,1,0,0,0,0,1,0,0,0
88,52,5,0,0,0,1,0,0,1,0,0,0
14,12,3,0,0,0,0,1,0,0,0,0,1
41,43,5,0,1,0,0,0,0,0,0,0,1
98,20,3,0,0,0,1,0,0,0,1,0,0
12,45,5,0,0,1,0,0,0,0,1,0,0
58,40,4,0,0,0,0,0,1,1,0,0,0
56,21,3,0,0,0,0,1,0,0,0,1,0
62,41,3,0,0,0,0,0,1,0,0,1,0
23,22,3,1,0,0,0,0,0,0,1,0,0
53,41,3,0,0,0,1,0,0,0,1,0,0
19,10,2,0,0,1,0,0,0,0,0,0,1
13,22,2,0,0,0,0,1,0,0,0,0,1
41,35,5,0,0,0,0,1,0,1,0,0,0
13,11,5,0,0,0,0,0,1,1,0,0,0
94,33,3,1,0,0,0,0,0,1,0,0,0
73,26,4,0,0,0,1,0,0,1,0,0,0
37,33,3,0,0,1,0,0,0,0,1,0,0
4,6,3,0,0,1,0,0,0,1,0,0,0
51,38,5,0,0,0,0,1,0,0,1,0,0
33,43,4,0,0,0,0,1,0,0,1,0,0
96,36,4,0,0,0,0,0,1,1,0,0,0
50,23,3,0,0,0,0,1,0,0,0,0,1
52,45,5,0,0,0,0,0,1,0,0,0,1
42,33,5,1,0,0,0,0,0,0,0,0,1
4,44,4,0,0,0,1,0,0,0,1,0,0
56,24,2,1,0,0,0,0,0,0,1,0,0
16,33,2,1,0,0,0,0,0,0,0,1,0
43,13,2,0,1,0,0,0,0,0,0,0,1
6,43,5,0,0,0,0,0,1,0,1,0,0
40,7,3,0,0,0,1,0,0,0,1,0,0
9,10,5,0,0,1,0,0,0,0,0,0,1
49,39,5,0,1,0,0,0,0,0,0,1,0
11,51,3,0,1,0,0,0,0,0,1,0,0
47,13,4,1,0,0,0,0,0,0,0,1,0
45,52,3,0,0,0,1,0,0,0,0,1,0
73,33,4,0,0,1,0,0,0,0,1,0,0
58,49,5,0,1,0,0,0,0,0,0,1,0
99,51,4,0,0,1,0,0,0,0,0,1,0
84,39,5,0,0,0,1,0,0,1,0,0,0
97,6,2,0,0,1,0,0,0,1,0,0,0
45,32,3,0,0,0,1,0,0,1,0,0,0
77,30,4,0,0,0,1,0,0,0,0,1,0
59,19,3,0,0,1,0,0,0,0,0,1,0
63,2,4,0,0,1,0,0,0,0,1,0,0
89,47,5,0,0,0,0,1,0,1,0,0,0
44,2,5,0,0,0,0,0,1,0,0,1,0
28,2,5,1,0,0,0,0,0,0,0,1,0
42,39,4,1,0,0,0,0,0,0,0,1,0
84,5,3,0,0,1,0,0,0,0,0,0,1
46,17,3,0,1,0,0,0,0,0,0,0,1
24,33,3,0,0,1,0,0,0,0,0,1,0
5,10,5,1,0,0,0,0,0,0,0,1,0
43,40,4,0,0,0,1,0,0,0,1,0,0
29,25,5,0,0,0,0,1,0,0,0,1,0
74,52,1,0,0,1,0,0,0,0,0,1,0
6,45,2,0,1,0,0,0,0,1,0,0,0
82,6,4,0,0,0,0,0,1,1,0,0,0
40,28,5,0,0,0,1,0,0,0,1,0,0
57,53,3,0,0,1,0,0,0,0,1,0,0
17,37,3,0,0,1,0,0,0,0,1,0,0
32,46,2,0,1,0,0,0,0,0,1,0,0
99,45,5,1,0,0,0,0,0,0,0,0,1
19,12,2,0,0,0,0,0,1,0,0,1,0
95,4,5,0,0,1,0,0,0,0,0,1,0
56,27,5,0,0,0,0,1,0,0,1,0,0
86,41,5,0,0,0,1,0,0,0,1,0,0
84,32,4,0,0,0,1,0,0,0,1,0,0
94,22,2,0,0,0,0,0,1,0,0,0,1
35,41,5,0,0,1,0,0,0,0,0,1,0
26,21,5,0,0,0,0,1,0,1,0,0,0
29,3,2,0,0,0,0,0,1,0,0,0,1
33,4,4,0,0,1,0,0,0,0,0,1,0
22,6,2,0,0,0,0,0,1,0,0,1,0
91,40,3,0,0,0,0,0,1,0,0,0,1
39,38,5,0,1,0,0,0,0,1,0,0,0
54,10,5,1,0,0,0,0,0,1,0,0,0
86,51,2,0,1,0,0,0,0,0,0,0,1
30,19,3,0,1,0,0,0,0,0,1,0,0
10,7,2,0,0,0,0,1,0,0,0,1,0
4,19,2,0,0,1,0,0,0,1,0,0,0
74,32,4,0,0,0,1,0,0,1,0,0,0
90,25,2,1,0,0,0,0,0,1,0,0,0
71,43,5,0,0,0,0,0,1,0,1,0,0
28,28,3,0,0,0,0,0,1,1,0,0,0
54,11,3,0,0,0,0,1,0,0,0,0,1
91,18,2,0,0,0,0,1,0,0,1,0,0
98,52,3,0,0,0,1,0,0,0,0,1,0
30,27,5,1,0,0,0,0,0,0,0,0,1
98,53,3,0,0,0,1,0,0,0,1,0,0
20,13,4,0,0,1,0,0,0,1,0,0,0
84,15,4,1,0,0,0,0,0,0,0,0,1
39,19,5,0,1,0,0,0,0,0,0,1,0
51,22,5,0,0,0,0,0,1,0,0,0,1
42,42,5,0,0,1,0,0,0,1,0,0,0
86,23,3,1,0,0,0,0,0,0,0,1,0
86,22,2,1,0,0,0,0,0,0,0,1,0
51,6,5,0,0,0,1,0,0,0,1,0,0
5,20,5,0,0,0,0,0,1,0,0,0,1
45,35,2,0,0,0,1,0,0,1,0,0,0
78,46,5,0,0,1,0,0,0,0,0,0,1
48,46,4,0,0,0,0,0,1,0,0,0,1
80,46,3,0,0,0,1,0,0,0,1,0,0
81,6,5,0,0,0,0,1,0,0,1,0,0
30,21,3,0,0,0,0,1,0,0,0,1,0
45,43,3,0,0,1,0,0,0,0,0,0,1
55,43,5,0,0,1,0,0,0,1,0,0,0
4,21,2,1,0,0,0,0,0,0,0,1,0
8,43,3,1,0,0,0,0,0,0,0,1,0
30,44,5,0,0,0,0,1,0,0,1,0,0
78,15,5,0,0,0,0,0,1,0,0,0,1
95,53,4,1,0,0,0,0,0,1,0,0,0
66,5,2,0,0,0,1,0,0,0,1,0,0
90,6,2,0,1,0,0,0,0,0,0,1,0
99,18,2,0,0,1,0,0,0,0,1,0,0
38,6,4,0,1,0,0,0,0,0,0,0,1
75,10,5,0,0,0,0,0,1,0,0,1,0
27,2,3,0,0,1,0,0,0,1,0,0,0
11,41,4,1,0,0,0,0,0,1,0,0,0
13,15,4,0,0,1,0,0,0,0,0,1,0
5,23,4,0,0,0,0,0,1,1,0,0,0
70,8,5,0,0,0,1,0,0,0,0,1,0
8,31,5,0,0,0,0,1,0,0,1,0,0
1,36,5,0,0,1,0,0,0,1,0,0,0
65,45,4,0,0,1,0,0,0,1,0,0,0
27,6,5,0,0,1,0,0,0,0,0,0,1
81,25,2,0,0,0,0,0,1,0,0,0,1
60,37,5,0,0,1,0,0,0,1,0,0,0
54,49,3,0,0,0,1,0,0,1,0,0,0
39,3,4,1,0,0,0,0,0,0,0,1,0
1,41,4,0,0,0,0,1,0,1,0,0,0
47,47,3,0,0,0,1,0,0,1,0,0,0
73,45,3,0,0,0,0,1,0,0,0,0,1
57,3,3,0,0,0,0,0,1,0,0,1,0
59,7,3,0,0,0,0,0,1,1,0,0,0
96,47,3,0,0,0,0,1,0,0,1,0,0
24,12,4,0,0,0,0,1,0,0,0,1,0
46,36,5,0,1,0,0,0,0,0,0,1,0
93,5,5,0,0,0,0,0,1,0,1,0,0
96,50,5,0,0,1,0,0,0,0,0,1,0
29,23,5,0,0,0,0,1,0,0,0,0,1
2,14,2,0,0,0,0,1,0,0,0,0,1
60,29,5,1,0,0,0,0,0,0,0,0,1
82,30,5,0,1,0,0,0,0,0,1,0,0
85,53,1,0,0,0,0,1,0,0,0,1,0
16,2,3,0,0,1,0,0,0,0,0,1,0
53,8,3,0,0,0,1,0,0,0,1,0,0
96,37,4,0,0,1,0,0,0,0,0,1,0
78,48,5,0,0,1,0,0,0,1,0,0,0
57,4,4,0,0,0,0,0,1,0,0,0,1
33,18,3,0,0,0,0,0,1,0,0,1,0
71,7,5,0,0,1,0,0,0,1,0,0,0
23,8,3,0,0,0,0,1,0,0,0,0,1
99,43,5,1,0,0,0,0,0,1,0,0,0
73,47,5,0,0,0,1,0,0,0,0,1,0
88,10,5,0,0,1,0,0,0,0,0,1,0
78,49,3,0,0,0,0,0,1,0,0,1,0
29,20,4,0,0,0,1,0,0,0,1,0,0
94,32,2,0,0,0,0,1,0,0,0,0,1
84,13,2,0,0,0,1,0,0,0,1,0,0
57,23,5,0,0,0,0,0,1,0,1,0,0
6,10,5,0,1,0,0,0,0,0,0,1,0
4,20,2,0,0,0,1,0,0,1,0,0,0
84,35,5,0,0,0,1,0,0,1,0,0,0
94,31,5,1,0,0,0,0,0,0,0,1,0
43,34,4,0,0,0,0,0,1,1,0,0,0
9,8,5,0,0,0,0,0,1,1,0,0,0
62,37,2,0,0,0,1,0,0,0,1,0,0
16,8,3,0,1,0,0,0,0,0,0,1,0
29,21,4,0,0,0,0,1,0,1,0,0,0
9,49,5,0,0,0,0,0,1,0,1,0,0
1,35,3,0,1,0,0,0,0,0,0,1,0
70,38,4,0,0,1,0,0,0,1,0,0,0
46,4,4,0,0,1,0,0,0,0,1,0,0
99,1,5,1,0,0,0,0,0,0,1,0,0
64,4,3,0,0,0,0,1,0,0,0,0,1
87,15,3,0,0,0,1,0,0,0,0,1,0
65,39,3,0,0,0,1,0,0,0,0,1,0
86,26,3,1,0,0,0,0,0,0,1,0,0
99,41,3,0,0,0,1,0,0,0,1,0,0
73,51,5,0,0,0,0,0,1,0,1,0,0
18,13,3,1,0,0,0,0,0,0,0,0,1
84,27,3,0,1,0,0,0,0,1,0,0,0
17,10,5,0,0,0,0,1,0,0,1,0,0
24,39,3,0,0,1,0,0,0,0,0,0,1
54,14,5,1,0,0,0,0,0,1,0,0,0
76,8,5,0,0,0,0,0,1,0,1,0,0
66,40,3,0,0,0,0,1,0,0,1,0,0
74,34,5,0,0,0,0,1,0,0,0,1,0
28,4,3,0,0,0,1,0,0,0,1,0,0
22,19,2,0,0,0,1,0,0,0,0,0,1
84,33,5,0,0,0,1,0,0,0,1,0,0
10,23,4,0,0,0,0,1,0,0,0,1,0
42,41,3,0,0,1,0,0,0,0,1,0,0
53,25,2,0,0,0,0,1,0,0,1,0,0
65,49,5,0,0,1,0,0,0,0,0,1,0
7,32,4,0,0,0,0,0,1,0,0,1,0
1,39,4,0,1,0,0,0,0,0,1,0,0
23,21,5,1,0,0,0,0,0,0,1,0,0
94,36,5,0,0,0,1,0,0,0,1,0,0
9,52,4,0,0,0,0,1,0,0,1,0,0
54,20,4,0,0,0,0,0,1,1,0,0,0
43,32,4,0,0,0,0,0,1,0,0,1,0
73,39,5,0,0,1,0,0,0,0,0,0,1
73,52,5,0,0,0,0,0,1,0,0,0,1
77,9,4,0,0,0,1,0,0,0,1,0,0
84,18,2,0,0,0,0,1,0,0,0,1,0
1,17,3,0,1,0,0,0,0,0,0,0,1
32,38,4,0,0,0,0,0,1,0,0,0,1
18,2,5,0,0,1,0,0,0,0,1,0,0
13,39,3,0,0,0,0,0,1,0,1,0,0
19,45,5,0,0,1,0,0,0,0,1,0,0
25,13,2,0,0,0,0,0,1,0,0,0,1
17,44,4,0,0,0,0,0,1,0,1,0,0
60,22,5,0,0,0,0,1,0,0,1,0,0
33,25,5,0,0,0,0,1,0,0,1,0,0
44,25,3,0,0,0,0,0,1,0,0,0,1
58,47,2,0,1,0,0,0,0,1,0,0,0
13,26,3,0,0,0,0,0,1,0,0,0,1
70,21,5,0,0,0,1,0,0,0,0,1,0
3,6,3,0,0,1,0,0,0,1,0,0,0
39,16,3,0,0,0,1,0,0,0,0,0,1
23,23,2,1,0,0,0,0,0,0,0,1,0
72,25,3,0,0,0,0,0,1,1,0,0,0
10,24,4,0,0,0,0,1,0,0,1,0,0
84,43,4,0,0,0,0,1,0,0,0,1,0
41,37,3,1,0,0,0,0,0,1,0,0,0
88,45,5,0,0,0,1,0,0,0,0,1,0
53,10,5,1,0,0,0,0,0,1,0,0,0
37,47,2,0,0,0,0,0,1,0,1,0,0
57,7,4,0,1,0,0,0,0,0,0,1,0
12,18,2,1,0,0,0,0,0,1,0,0,0
11,48,5,0,0,0,1,0,0,0,1,0,0
65,5,3,0,0,0,1,0,0,0,0,1,0
56,29,5,0,0,0,0,0,1,0,1,0,0
39,11,4,1,0,0,0,0,0,1,0,0,0
80,23,3,0,0,1,0,0,0,0,0,1,0
14,28,5,0,1,0,0,0,0,0,0,1,0
13,32,2,0,0,0,0,1,0,0,0,0,1
80,42,2,0,0,0,1,0,0,0,0,0,1
95,32,3,0,0,0,0,1,0,1,0,0,0
19,48,3,0,0,0,1,0,0,0,1,0,0
59,44,5,0,1,0,0,0,0,0,0,1,0
92,51,5,0,0,0,0,0,1,0,1,0,0
1,52,5,0,0,0,1,0,0,0,0,0,1
19,6,5,0,0,0,1,0,0,0,0,0,1
25,8,3,1,0,0,0,0,0,0,1,0,0
65,14,5,0,0,0,0,1,0,0,1,0,0
57,27,4,0,1,0,0,0,0,0,0,0,1
60,33,5,0,0,1,0,0,0,0,0,1,0
64,3,3,0,0,0,0,1,0,0,0,0,1
19,28,5,0,1,0,0,0,0,1,0,0,0
12,28,3,0,0,0,0,0,1,0,0,1,0
48,41,3,0,0,0,1,0,0,0,0,1,0
35,24,5,0,0,1,0,0,0,0,1,0,0
99,26,4,1,0,0,0,0,0,1,0,0,0
97,41,5,1,0,0,0,0,0,0,0,0,1
15,16,5,0,0,0,1,0,0,0,0,0,1
24,21,1,0,0,0,1,0,0,1,0,0,0
39,28,5,0,0,0,0,1,0,0,0,1,0
84,4,3,0,0,0,0,1,0,0,1,0,0
48,14,3,0,0,0,0,0,1,0,0,0,1
17,36,4,0,0,1,0,0,0,0,0,1,0
72,44,4,1,0,0,0,0,0,1,0,0,0
65,47,3,0,0,1,0,0,0,0,0,0,1
74,6,4,0,0,0,1,0,0,0,1,0,0
46,51,3,0,0,1,0,0,0,0,0,1,0
74,8,4,0,1,0,0,0,0,0,0,0,1
92,14,4,0,0,0,0,0,1,0,1,0,0
37,21,2,0,0,1,0,0,0,1,0,0,0
48,22,3,0,0,0,0,0,1,0,0,0,1
11,30,5,0,0,0,1,0,0,0,0,1,0
100,25,2,0,0,0,0,1,0,0,0,0,1
65,17,5,0,0,1,0,0,0,0,0,0,1
72,15,3,1,0,0,0,0,0,0,1,0,0
18,36,4,0,0,0,0,1,0,0,0,1,0
38,21,3,0,0,0,0,1,0,1,0,0,0
43,20,3,0,0,0,1,0,0,0,0,0,1
46,21,5,0,0,1,0,0,0,0,0,0,1
48,51,5,0,0,1,0,0,0,0,0,0,1
72,14,5,1,0,0,0,0,0,1,0,0,0
12,48,5,0,1,0,0,0,0,0,1,0,0
51,15,2,1,0,0,0,0,0,0,0,0,1
31,43,4,0,0,0,0,0,1,1,0,0,0
92,13,5,0,1,0,0,0,0,0,0,0,1
95,37,3,0,0,0,1,0,0,0,0,0,1
22,2,5,0,0,0,0,1,0,0,0,1,0
7,43,2,1,0,0,0,0,0,0,1,0,0
80,20,3,0,0,0,0,1,0,0,0,1,0
99,21,3,0,0,0,1,0,0,0,0,0,1
49,33,4,0,0,0,0,0,1,0,0,0,1
89,22,3,0,0,0,0,1,0,1,0,0,0
17,33,4,0,0,0,0,1,0,0,1,0,0
72,9,5,0,1,0,0,0,0,0,1,0,0
78,5,5,0,0,1,0,0,0,0,0,0,1
46,18,2,0,0,0,0,0,1,1,0,0,0
54,23,5,0,1,0,0,0,0,1,0,0,0
13,37,3,0,0,0,1,0,0,1,0,0,0
64,24,5,0,0,0,0,1,0,0,0,0,1
78,35,5,0,1,0,0,0,0,0,1,0,0
76,43,4,0,0,1,0,0,0,0,0,1,0
95,45,5,1,0,0,0,0,0,0,0,1,0
44,15,3,1,0,0,0,0,0,1,0,0,0
55,11,4,1,0,0,0,0,0,1,0,0,0
7,17,5,0,0,0,0,1,0,0,0,1,0
66,25,5,0,0,0,0,1,0,0,0,1,0
94,40,3,0,0,0,0,0,1,0,0,0,1
24,16,5,0,0,0,0,1,0,0,1,0,0
56,43,4,0,0,0,1,0,0,1,0,0,0
45,42,3,1,0,0,0,0,0,0,1,0,0
68,45,5,0,1,0,0,0,0,0,1,0,0
31,41,3,0,0,0,1,0,0,0,0,0,1
72,38,2,0,0,0,0,0,1,0,1,0,0
66,13,3,1,0,0,0,0,0,0,0,0,1
34,25,2,1,0,0,0,0,0,0,1,0,0
48,30,4,0,0,1,0,0,0,0,0,1,0
29,5,3,0,0,0,1,0,0,0,1,0,0
90,18,5,0,0,1,0,0,0,1,0,0,0
3,49,5,0,0,0,0,1,0,1,0,0,0
50,5,4,0,0,0,0,0,1,0,0,0,1
20,41,5,0,0,0,0,0,1,0,0,0,1
93,19,5,0,0,0,0,1,0,0,0,1,0
16,17,1,0,1,0,0,0,0,1,0,0,0
73,42,3,1,0,0,0,0,0,0,0,0,1
60,49,5,1,0,0,0,0,0,0,0,0,1
41,39,3,0,0,1,0,0,0,0,0,1,0
26,28,5,0,0,1,0,0,0,0,1,0,0
32,43,5,0,0,0,0,1,0,0,0,0,1
23,43,5,0,0,0,0,1,0,1,0,0,0
6,53,3,0,0,0,1,0,0,1,0,0,0
51,37,5,0,1,0,0,0,0,1,0,0,0
73,43,5,0,1,0,0,0,0,0,1,0,0
25,23,4,0,0,0,0,1,0,1,0,0,0
16,3,5,0,0,0,0,0,1,0,0,0,1
2,8,4,0,1,0,0,0,0,1,0,0,0
93,20,5,0,0,0,0,0,1,0,1,0,0
63,22,3,0,0,0,0,1,0,0,1,0,0
46,38,5,0,0,0,0,0,1,0,0,0,1
2,9,2,0,0,0,0,0,1,0,0,1,0
78,40,3,0,0,1,0,0,0,1,0,0,0
60,31,5,1,0,0,0,0,0,0,0,0,1
21,11,4,0,0,1,0,0,0,1,0,0,0
37,15,5,1,0,0,0,0,0,1,0,0,0
37,8,5,0,0,0,0,1,0,0,1,0,0
24,8,4,0,0,1,0,0,0,1,0,0,0
81,21,3,0,0,0,0,0,1,0,0,0,1
2,49,4,0,0,0,0,0,1,0,0,1,0
69,7,3,0,0,0,1,0,0,0,0,0,1
92,43,5,0,1,0,0,0,0,0,1,0,0
99,44,5,0,1,0,0,0,0,0,0,1,0
43,31,3,0,0,1,0,0,0,0,0,0,1
24,38,4,0,0,0,0,1,0,0,1,0,0
94,45,3,0,0,0,0,0,1,0,0,1,0
80,30,5,0,1,0,0,0,0,0,1,0,0
69,2,3,1,0,0,0,0,0,0,0,0,1
11,16,4,0,1,0,0,0,0,0,0,0,1
28,23,1,1,0,0,0,0,0,1,0,0,0
45,33,5,1,0,0,0,0,0,1,0,0,0
8,6,5,0,0,0,1,0,0,0,0,1,0
62,32,3,1,0,0,0,0,0,0,1,0,0
46,50,5,0,0,0,0,0,1,0,0,1,0
10,32,4,0,0,0,1,0,0,1,0,0,0
82,32,3,0,1,0,0,0,0,0,0,1,0
78,36,4,0,0,1,0,0,0,0,1,0,0
86,34,4,0,0,0,0,0,1,1,0,0,0
62,2,5,0,0,1,0,0,0,1,0,0,0
30,29,4,0,0,1,0,0,0,0,0,0,1
20,45,3,1,0,0,0,0,0,0,0,1,0
72,3,3,0,0,0,1,0,0,0,1,0,0
16,23,3,0,0,0,0,1,0,0,0,0,1
3,38,2,1,0,0,0,0,0,0,1,0,0
66,6,5,1,0,0,0,0,0,0,1,0,0
35,3,4,0,0,1,0,0,0,0,0,0,1
13,34,5,0,0,0,0,0,1,1,0,0,0
28,46,5,0,0,1,0,0,0,0,0,0,1
28,38,4,0,0,1,0,0,0,0,0,0,1
65,2,2,0,1,0,0,0,0,0,0,0,1
32,20,5,0,1,0,0,0,0,0,0,0,1
18,21,3,0,1,0,0,0,0,1,0,0,0
32,52,3,0,0,0,1,0,0,0,1,0,0
37,50,3,0,1,0,0,0,0,0,1,0,0
79,51,2,0,1,0,0,0,0,0,0,0,1
62,40,2,0,0,0,0,1,0,1,0,0,0
99,22,3,1,0,0,0,0,0,0,1,0,0
35,19,4,0,0,0,1,0,0,0,0,1,0
74,22,2,0,0,1,0,0,0,0,0,0,1
23,27,5,1,0,0,0,0,0,0,1,0,0
66,35,5,0,1,0,0,0,0,0,0,0,1
41,2,3,0,0,0,0,1,0,1,0,0,0
11,45,5,0,0,0,0,0,1,0,1,0,0
65,36,5,1,0,0,0,0,0,0,1,0,0
62,21,5,0,0,1,0,0,0,0,0,1,0
16,52,4,0,0,0,1,0,0,1,0,0,0
6,6,3,0,0,0,0,0,1,0,0,0,1
54,24,3,0,0,0,0,0,1,0,1,0,0
20,31,3,0,0,0,1,0,0,0,0,0,1
59,13,5,1,0,0,0,0,0,0,1,0,0
60,24,4,0,1,0,0,0,0,0,0,1,0
77,12,4,0,1,0,0,0,0,0,0,0,1
43,38,3,0,0,0,0,1,0,0,1,0,0
84,3,5,0,0,0,1,0,0,1,0,0,0
41,42,2,0,0,0,0,0,1,1,0,0,0
20,51,3,0,0,1,0,0,0,0,0,0,1
66,14,4,0,1,0,0,0,0,0,0,1,0
46,43,2,0,1,0,0,0,0,1,0,0,0
48,16,3,0,0,0,1,0,0,0,1,0,0
96,24,5,0,1,0,0,0,0,0,0,1,0
59,49,3,0,1,0,0,0,0,0,0,0,1
78,44,5,0,1,0,0,0,0,0,0,0,1
22,52,3,0,0,1,0,0,0,0,0,0,1
50,22,3,0,1,0,0,0,0,0,0,1,0
70,20,3,0,0,1,0,0,0,1,0,0,0
38,5,1,0,0,1,0,0,0,0,0,0,1
9,23,4,1,0,0,0,0,0,0,0,0,1
18,41,3,1,0,0,0,0,0,0,0,0,1
82,44,3,0,1,0,0,0,0,0,0,0,1
39,49,4,0,0,0,0,1,0,0,0,0,1
60,17,5,0,0,0,0,0,1,0,1,0,0
26,13,5,0,0,0,0,1,0,0,0,0,1
29,19,3,0,0,0,0,0,1,1,0,0,0
37,6,4,0,0,1,0,0,0,0,1,0,0
53,21,3,0,1,0,0,0,0,0,0,0,1
93,40,5,0,1,0,0,0,0,0,0,0,1
95,13,5,0,1,0,0,0,0,0,0,1,0
54,40,2,0,0,1,0,0,0,0,1,0,0
4,14,4,0,0,0,0,1,0,0,0,0,1
37,27,3,0,0,0,0,1,0,0,0,1,0
74,27,2,0,0,0,0,0,1,0,0,0,1
58,33,5,0,0,1,0,0,0,0,0,1,0
36,44,5,0,0,1,0,0,0,0,0,0,1
96,4,5,0,0,0,0,1,0,0,1,0,0
55,12,4,1,0,0,0,0,0,1,0,0,0
46,49,3,0,0,0,0,1,0,0,1,0,0
80,8,4,1,0,0,0,0,0,0,0,1,0
13,23,4,1,0,0,0,0,0,0,0,0,1
89,10,2,0,0,0,0,1,0,0,0,1,0
36,13,4,0,1,0,0,0,0,1,0,0,0
70,14,3,0,0,0,1,0,0,0,0,0,1
14,19,3,0,0,0,1,0,0,0,0,1,0
39,36,5,0,0,0,1,0,0,0,1,0,0
20,44,3,0,0,0,1,0,0,1,0,0,0
22,10,4,0,0,0,0,1,0,0,1,0,0
93,22,5,1,0,0,0,0,0,0,0,1,0
3,35,3,0,1,0,0,0,0,0,0,1,0
19,27,5,1,0,0,0,0,0,0,0,1,0
45,13,5,1,0,0,0,0,0,0,1,0,0
72,26,2,0,0,0,0,0,1,1,0,0,0
82,35,2,0,0,0,0,1,0,1,0,0,0
14,5,2,0,1,0,0,0,0,0,0,1,0
8,33,4,1,0,0,0,0,0,0,0,0,1
14,20,2,0,0,0,0,0,1,1,0,0,0
91,2,5,0,0,0,1,0,0,0,0,1,0
11,29,5,0,0,1,0,0,0,0,0,0,1
80,29,4,0,0,0,0,1,0,0,0,0,1
86,18,2,0,1,0,0,0,0,0,0,0,1
60,3,3,0,1,0,0,0,0,0,1,0,0
89,6,5,0,0,0,0,1,0,1,0,0,0
71,45,4,0,0,0,1,0,0,0,0,1,0
7,11,5,0,0,1,0,0,0,0,0,0,1
39,37,4,0,0,0,0,1,0,1,0,0,0
38,18,5,0,0,0,1,0,0,0,0,0,1
44,6,5,1,0,0,0,0,0,0,0,0,1
12,43,3,1,0,0,0,0,0,0,0,0,1
93,28,3,0,0,0,0,1,0,1,0,0,0
93,15,4,0,0,0,1,0,0,1,0,0,0
16,51,5,0,0,0,1,0,0,0,1,0,0
78,22,2,0,0,0,1,0,0,0,0,0,1
22,9,1,1,0,0,0,0,0,0,0,1,0
72,31,4,0,0,0,1,0,0,1,0,0,0
72,35,3,0,0,0,1,0,0,0,0,0,1
87,35,3,0,0,0,1,0,0,0,0,0,1
95,49,5,0,0,0,1,0,0,0,0,0,1
88,42,4,0,0,0,0,0,1,1,0,0,0
12,1,3,0,1,0,0,0,0,1,0,0,0
57,6,3,1,0,0,0,0,0,0,0,1,0
7,50,4,0,0,0,1,0,0,0,0,0,1
82,21,3,1,0,0,0,0,0,0,0,0,1
42,2,4,0,0,1,0,0,0,0,1,0,0
17,23,5,0,0,0,0,0,1,0,0,1,0
13,53,4,0,0,0,0,1,0,0,0,0,1
62,5,3,0,0,0,0,1,0,0,0,0,1
74,5,4,0,0,0,1,0,0,0,0,0,1
17,1,4,0,0,1,0,0,0,1,0,0,0
15,20,4,0,0,0,0,1,0,0,0,0,1
60,10,4,0,0,0,1,0,0,0,1,0,0
35,20,3,0,0,0,0,0,1,0,0,1,0
21,36,5,0,0,1,0,0,0,0,0,1,0
48,19,3,0,1,0,0,0,0,0,0,1,0
11,19,4,1,0,0,0,0,0,1,0,0,0
88,26,5,0,0,1,0,0,0,1,0,0,0
80,28,4,0,0,0,0,0,1,0,0,0,1
63,9,4,0,0,1,0,0,0,0,0,1,0
95,23,2,0,0,1,0,0,0,0,0,1,0
96,7,4,0,1,0,0,0,0,0,0,1,0
48,27,5,0,1,0,0,0,0,0,0,0,1
9,53,2,0,0,0,1,0,0,1,0,0,0
26,30,2,1,0,0,0,0,0,1,0,0,0
13,6,5,0,0,0,1,0,0,0,0,0,1
2,6,3,0,0,0,0,1,0,0,0,0,1
42,25,5,0,0,0,1,0,0,0,0,1,0
24,24,5,1,0,0,0,0,0,0,0,1,0
44,38,5,0,0,1,0,0,0,1,0,0,0
17,14,3,0,0,0,0,0,1,1,0,0,0
86,20,2,0,1,0,0,0,0,0,1,0,0
11,26,5,0,0,0,1,0,0,0,0,1,0
89,2,4,0,0,0,0,1,0,0,0,0,1
29,29,3,0,0,1,0,0,0,1,0,0,0
45,26,5,0,1,0,0,0,0,0,1,0,0
7,38,2,0,0,0,0,0,1,1,0,0,0
28,43,3,1,0,0,0,0,0,0,0,1,0
3,5,2,1,0,0,0,0,0,0,0,0,1
7,4,4,0,0,0,1,0,0,1,0,0,0
31,14,2,0,0,1,0,0,0,1,0,0,0
84,10,5,0,0,0,0,0,1,0,0,1,0
25,10,2,0,0,0,0,1,0,0,0,1,0
7,49,5,0,0,1,0,0,0,0,0,0,1
84,2,5,0,0,0,0,0,1,0,0,1,0
10,35,3,0,0,1,0,0,0,1,0,0,0
46,42,2,0,0,1,0,0,0,0,1,0,0
60,15,5,0,0,0,1,0,0,0,0,0,1
55,34,4,0,1,0,0,0,0,0,0,1,0
82,28,3,0,0,1,0,0,0,0,0,1,0
86,14,3,0,0,0,0,1,0,1,0,0,0
48,12,4,1,0,0,0,0,0,0,1,0,0
92,53,5,0,0,0,0,1,0,0,1,0,0
89,15,5,1,0,0,0,0,0,1,0,0,0
70,13,4,1,0,0,0,0,0,1,0,0,0
95,31,2,0,0,1,0,0,0,0,0,1,0
41,33,4,0,0,1,0,0,0,1,0,0,0
54,45,5,0,0,0,0,0,1,1,0,0,0
86,15,5,1,0,0,0,0,0,0,1,0,0
18,48,4,0,0,1,0,0,0,1,0,0,0
93,13,3,0,0,1,0,0,0,0,0,0,1
30,42,2,0,0,1,0,0,0,0,0,1,0
54,5,5,0,0,0,0,1,0,0,1,0,0
58,18,4,0,0,0,0,0,1,0,1,0,0
57,50,4,0,0,0,0,1,0,1,0,0,0
95,33,3,0,0,0,1,0,0,1,0,0,0
71,46,3,0,0,0,1,0,0,1,0,0,0
62,50,5,0,1,0,0,0,0,0,1,0,0
13,1,3,1,0,0,0,0,0,0,1,0,0
48,21,5,0,0,1,0,0,0,0,1,0,0
93,33,5,0,0,0,0,0,1,0,0,0,1
11,22,2,0,0,0,0,1,0,1,0,0,0
39,35,3,0,0,1,0,0,0,0,0,0,1
36,43,2,0,1,0,0,0,0,0,0,0,1
60,16,3,0,1,0,0,0,0,0,0,0,1
23,48,4,0,0,0,0,1,0,0,0,0,1
57,30,3,1,0,0,0,0,0,1,0,0,0
19,9,5,0,0,1,0,0,0,0,0,0,1
30,47,4,0,0,0,1,0,0,0,0,0,1
69,13,5,0,0,0,0,0,1,0,0,0,1
28,21,5,0,0,0,0,1,0,0,0,1,0
16,44,5,0,0,0,1,0,0,0,1,0,0
95,41,5,1,0,0,0,0,0,0,0,1,0
23,2,5,0,0,0,0,0,1,0,0,1,0
93,27,4,0,0,0,0,1,0,0,1,0,0
37,9,5,0,0,0,1,0,0,0,0,0,1
60,12,2,0,1,0,0,0,0,1,0,0,0
44,7,3,0,0,0,1,0,0,0,0,1,0
56,14,5,0,0,0,0,1,0,1,0,0,0
1,49,4,1,0,0,0,0,0,0,0,1,0
100,50,4,0,1,0,0,0,0,0,0,0,1
13,36,5,1,0,0,0,0,0,1,0,0,0
20,32,2,1,0,0,0,0,0,1,0,0,0
40,12,4,0,0,0,0,1,0,0,0,1,0
71,29,2,1,0,0,0,0,0,1,0,0,0
58,19,5,0,0,0,1,0,0,0,0,0,1
11,27,5,0,0,0,1,0,0,0,0,0,1
32,24,4,0,1,0,0,0,0,0,1,0,0
99,23,3,0,1,0,0,0,0,0,0,1,0
18,1,3,0,0,0,1,0,0,0,0,1,0
32,14,5,1,0,0,0,0,0,0,0,0,1
86,17,3,0,1,0,0,0,0,0,0,1,0
41,44,5,0,0,0,1,0,0,0,0,0,1
100,28,4,0,0,1,0,0,0,0,0,1,0
93,18,2,0,1,0,0,0,0,1,0,0,0
42,14,2,0,0,0,0,1,0,0,0,0,1
52,48,3,1,0,0,0,0,0,0,1,0,0
60,48,2,0,0,0,0,0,1,0,1,0,0
68,10,4,0,0,0,1,0,0,0,1,0,0
68,24,2,1,0,0,0,0,0,0,1,0,0
88,20,4,0,1,0,0,0,0,0,0,1,0
97,45,4,1,0,0,0,0,0,1,0,0,0
73,18,4,0,0,0,0,1,0,1,0,0,0
95,7,4,0,0,0,0,1,0,0,0,1,0
37,2,5,0,1,0,0,0,0,0,1,0,0
76,23,5,0,0,1,0,0,0,1,0,0,0
74,41,3,0,0,0,0,1,0,0,1,0,0
59,33,3,0,0,0,0,1,0,0,0,1,0
82,43,5,0,0,0,0,0,1,0,0,1,0
19,14,5,0,0,0,0,1,0,0,1,0,0
35,42,4,1,0,0,0,0,0,1,0,0,0
1,13,4,0,1,0,0,0,0,1,0,0,0
45,29,5,1,0,0,0,0,0,0,0,1,0
20,14,2,0,0,0,0,1,0,1,0,0,0
89,9,3,0,0,0,1,0,0,1,0,0,0
24,2,5,0,0,1,0,0,0,0,1,0,0
1,3,4,0,1,0,0,0,0,0,1,0,0
34,42,2,0,0,1,0,0,0,0,0,0,1
33,3,4,0,0,0,0,1,0,0,1,0,0
33,20,2,0,0,0,0,0,1,0,0,0,1
73,32,4,0,0,0,0,1,0,0,1,0,0
91,21,3,1,0,0,0,0,0,1,0,0,0
28,53,3,0,0,0,0,0,1,0,0,0,1
10,36,5,1,0,0,0,0,0,0,0,0,1
32,50,5,0,1,0,0,0,0,0,0,0,1
38,27,5,1,0,0,0,0,0,0,0,0,1
35,49,4,0,0,0,1,0,0,0,1,0,0
4,10,5,1,0,0,0,0,0,1,0,0,0
8,36,4,1,0,0,0,0,0,0,1,0,0
23,20,5,0,1,0,0,0,0,0,0,0,1
54,31,3,0,0,1,0,0,0,0,0,1,0
29,43,4,1,0,0,0,0,0,0,1,0,0
43,47,4,1,0,0,0,0,0,0,0,1,0
96,14,5,0,1,0,0,0,0,0,0,0,1
66,45,5,0,1,0,0,0,0,0,0,0,1
79,19,5,1,0,0,0,0,0,0,0,0,1
29,27,2,0,0,0,1,0,0,0,0,0,1
11,2,3,1,0,0,0,0,0,0,0,1,0
90,23,2,0,0,0,0,0,1,1,0,0,0
91,32,2,0,0,1,0,0,0,1,0,0,0
82,46,4,0,0,0,1,0,0,0,0,1,0
28,42,5,1,0,0,0,0,0,0,0,1,0
10,5,3,0,0,1,0,0,0,0,0,1,0
47,33,4,0,0,0,0,0,1,1,0,0,0
65,37,3,0,0,0,0,0,1,0,0,0,1
13,12,3,1,0,0,0,0,0,0,1,0,0
19,49,4,0,0,0,1,0,0,0,0,0,1
43,44,5,0,0,0,0,0,1,0,0,1,0
1,45,4,0,0,0,0,0,1,1,0,0,0
79,6,4,0,0,1,0,0,0,0,1,0,0
69,11,2,0,0,0,0,1,0,0,1,0,0
95,9,5,0,0,0,0,1,0,0,0,1,0
60,35,2,0,0,0,1,0,0,0,0,1,0
52,21,5,0,0,1,0,0,0,0,1,0,0
70,34,2,1,0,0,0,0,0,0,0,1,0
66,38,3,1,0,0,0,0,0,0,0,1,0
85,47,4,0,0,0,0,1,0,0,1,0,0
19,42,2,0,0,0,1,0,0,0,1,0,0
28,7,3,0,0,1,0,0,0,0,0,0,1
35,17,4,0,0,0,0,0,1,0,0,0,1
36,18,2,0,0,0,0,1,0,0,1,0,0
41,22,3,0,0,0,0,1,0,0,1,0,0
39,4,4,0,0,1,0,0,0,0,0,0,1
78,6,5,0,0,0,1,0,0,0,0,1,0
75,42,2,0,0,0,1,0,0,0,0,0,1
55,38,5,0,0,1,0,0,0,0,1,0,0
7,7,2,0,0,1,0,0,0,1,0,0,0
72,39,5,0,0,1,0,0,0,0,1,0,0
11,4,4,1,0,0,0,0,0,1,0,0,0
42,8,2,0,0,1,0,0,0,0,0,0,1
11,5,1,0,0,0,1,0,0,0,1,0,0
29,42,4,0,1,0,0,0,0,0,0,0,1
48,44,5,0,0,0,0,1,0,1,0,0,0
29,50,5,0,0,0,0,1,0,1,0,0,0
71,5,2,0,0,0,1,0,0,1,0,0,0
17,7,3,0,0,0,0,0,1,0,0,1,0
3,50,3,0,0,1,0,0,0,0,0,1,0
2,10,2,0,0,1,0,0,0,1,0,0,0
96,44,3,0,1,0,0,0,0,0,1,0,0
64,10,5,0,0,0,0,0,1,0,0,0,1
31,15,4,0,0,0,0,0,1,1,0,0,0
95,43,4,0,1,0,0,0,0,0,0,1,0
1,25,1,0,0,0,0,0,1,0,0,1,0
53,5,2,0,0,1,0,0,0,0,1,0,0
20,43,5,0,0,1,0,0,0,0,0,0,1
59,30,5,0,0,0,1,0,0,1,0,0,0
1,37,5,1,0,0,0,0,0,1,0,0,0
3,44,3,0,0,0,0,1,0,0,0,0,1
36,45,3,0,0,0,1,0,0,0,0,0,1
91,47,2,0,0,0,0,1,0,0,0,1,0
70,19,5,1,0,0,0,0,0,0,0,1,0
69,30,2,0,0,0,1,0,0,0,0,1,0
32,30,3,0,0,1,0,0,0,0,0,0,1
22,17,4,0,0,0,0,0,1,0,0,0,1
10,42,3,0,1,0,0,0,0,0,0,1,0
1,47,4,0,1,0,0,0,0,1,0,0,0
27,17,3,0,1,0,0,0,0,0,1,0,0
51,23,5,1,0,0,0,0,0,0,0,1,0
58,35,2,0,1,0,0,0,0,0,0,1,0
22,20,5,1,0,0,0,0,0,1,0,0,0
30,23,4,0,0,0,0,0,1,0,0,0,1
36,23,5,0,0,0,0,0,1,1,0,0,0
2,5,5,0,0,0,1,0,0,1,0,0,0
95,17,5,1,0,0,0,0,0,0,0,1,0
10,34,3,0,0,0,0,1,0,0,0,0,1
24,27,3,0,0,1,0,0,0,0,0,1,0
72,51,3,0,0,0,0,0,1,1,0,0,0
60,32,4,0,0,0,0,1,0,1,0,0,0
33,49,3,1,0,0,0,0,0,0,0,0,1
51,10,5,0,0,0,0,0,1,0,0,0,1
38,13,5,0,0,0,0,1,0,0,1,0,0
57,8,5,0,0,0,1,0,0,0,0,1,0
86,45,5,0,1,0,0,0,0,0,0,0,1
44,32,3,0,1,0,0,0,0,0,0,1,0
38,8,2,0,0,1,0,0,0,0,0,0,1
57,26,4,0,0,0,1,0,0,0,0,0,1
20,30,3,0,0,0,1,0,0,0,0,0,1
66,20,4,0,0,1,0,0,0,0,1,0,0
51,18,3,0,0,0,0,0,1,1,0,0,0
17,40,5,0,0,1,0,0,0,0,1,0,0
51,34,4,0,0,0,0,0,1,0,0,1,0
99,52,4,1,0,0,0,0,0,0,1,0,0
25,43,4,1,0,0,0,0,0,0,0,0,1
77,5,4,0,0,0,0,0,1,0,1,0,0
51,17,5,0,1,0,0,0,0,0,1,0,0
32,8,5,0,1,0,0,0,0,1,0,0,0
20,29,3,0,0,0,0,0,1,0,0,1,0
78,3,5,0,1,0,0,0,0,0,1,0,0
71,30,2,0,0,1,0,0,0,0,0,0,1
60,13,4,0,1,0,0,0,0,1,0,0,0
96,6,4,0,0,0,0,0,1,0,1,0,0
88,46,4,0,0,0,0,1,0,0,0,1,0
24,34,5,1,0,0,0,0,0,0,1,0,0
85,42,5,0,1,0,0,0,0,0,1,0,0
59,22,4,0,0,0,0,0,1,1,0,0,0
88,15,3,0,0,0,0,1,0,0,0,1,0
44,34,5,0,0,0,0,0,1,0,1,0,0
62,38,4,0,0,0,0,0,1,0,0,1,0
7,46,4,0,0,0,0,0,1,1,0,0,0
36,8,5,0,0,1,0,0,0,0,0,1,0
24,13,4,0,0,1,0,0,0,0,1,0,0
93,16,3,0,1,0,0,0,0,0,1,0,0
25,41,3,1,0,0,0,0,0,0,0,1,0
16,45,5,1,0,0,0,0,0,0,1,0,0
28,26,3,1,0,0,0,0,0,0,1,0,0
38,51,5,0,0,1,0,0,0,1,0,0,0
63,12,5,0,1,0,0,0,0,1,0,0,0
99,15,3,1,0,0,0,0,0,0,0,0,1
46,16,4,0,0,0,0,1,0,0,0,1,0
35,2,4,1,0,0,0,0,0,0,0,1,0
13,42,3,1,0,0,0,0,0,0,0,0,1
42,21,2,0,0,0,1,0,0,1,0,0,0
3,41,3,0,0,0,0,1,0,0,1,0,0
34,15,2,0,1,0,0,0,0,0,0,1,0
45,19,4,0,0,1,0,0,0,1,0,0,0
86,24,4,0,0,1,0,0,0,0,1,0,0
80,19,3,1,0,0,0,0,0,1,0,0,0
55,31,3,0,0,1,0,0,0,1,0,0,0
87,10,3,0,0,0,0,0,1,0,1,0,0
38,17,3,0,0,0,0,0,1,0,0,1,0
36,22,2,0,0,1,0,0,0,0,0,0,1
84,21,5,0,0,0,1,0,0,0,0,0,1
77,11,3,0,1,0,0,0,0,1,0,0,0
93,49,5,0,1,0,0,0,0,0,1,0,0
94,6,2,0,0,0,0,0,1,0,1,0,0
77,2,4,0,0,1,0,0,0,0,1,0,0
77,29,5,1,0,0,0,0,0,0,0,0,1
82,33,5,0,0,0,1,0,0,0,0,1,0
56,13,2,0,0,0,0,1,0,0,1,0,0
25,18,3,0,1,0,0,0,0,0,1,0,0
74,2,5,1,0,0,0,0,0,1,0,0,0
81,5,3,0,1,0,0,0,0,0,1,0,0
35,28,5,0,0,0,1,0,0,0,0,0,1
93,8,5,0,0,0,1,0,0,0,1,0,0
4,13,2,0,0,0,0,1,0,0,1,0,0
44,16,3,0,0,0,0,0,1,0,0,1,0
90,22,4,0,0,0,0,1,0,0,1,0,0
53,9,5,0,1,0,0,0,0,0,0,1,0
96,12,4,0,0,0,0,0,1,1,0,0,0
25,45,3,0,0,0,0,1,0,0,1,0,0
42,28,4,0,0,0,1,0,0,0,0,1,0
77,20,2,1,0,0,0,0,0,1,0,0,0
85,43,2,0,0,0,0,1,0,1,0,0,0
80,3,4,0,0,0,0,1,0,0,0,1,0
93,29,3,0,0,0,0,0,1,0,0,1,0
87,27,4,1,0,0,0,0,0,1,0,0,0
73,38,2,0,0,0,1,0,0,0,0,1,0
94,41,4,1,0,0,0,0,0,1,0,0,0
2,13,4,0,1,0,0,0,0,0,0,0,1
13,27,3,0,1,0,0,0,0,0,0,1,0
20,50,5,0,0,0,0,1,0,1,0,0,0
56,15,3,0,0,0,0,1,0,0,0,0,1
2,30,3,0,0,0,0,0,1,0,0,1,0
96,31,3,0,0,0,1,0,0,0,0,0,1
48,43,2,0,0,0,1,0,0,0,0,0,1
91,39,4,0,0,1,0,0,0,0,0,0,1
16,47,3,0,0,0,0,1,0,1,0,0,0
2,29,5,0,0,0,1,0,0,0,1,0,0
32,4,5,0,0,1,0,0,0,0,1,0,0
38,19,5,0,0,1,0,0,0,0,0,1,0
9,5,4,1,0,0,0,0,0,0,1,0,0
7,41,3,0,0,0,0,0,1,0,0,1,0
85,24,5,0,0,1,0,0,0,0,0,0,1
74,20,4,0,0,0,0,1,0,0,0,0,1
57,10,5,0,0,0,0,0,1,1,0,0,0
2,23,3,0,0,0,1,0,0,0,1,0,0
64,17,5,0,1,0,0,0,0,1,0,0,0
30,32,3,0,0,0,1,0,0,0,0,0,1
100,12,5,1,0,0,0,0,0,0,1,0,0
30,43,5,0,0,0,0,0,1,0,1,0,0
28,47,5,0,0,0,0,1,0,0,1,0,0
100,20,5,0,0,1,0,0,0,1,0,0,0
84,31,4,0,0,1,0,0,0,1,0,0,0
15,28,5,0,0,0,0,1,0,0,1,0,0
37,5,5,0,1,0,0,0,0,1,0,0,0
69,28,3,0,0,0,0,0,1,0,1,0,0
7,19,3,1,0,0,0,0,0,0,1,0,0
77,19,5,0,1,0,0,0,0,0,1,0,0
100,49,3,0,0,0,1,0,0,0,0,1,0
14,48,4,0,0,0,0,0,1,0,1,0,0
19,22,3,0,1,0,0,0,0,0,1,0,0
24,47,4,0,0,1,0,0,0,1,0,0,0
96,48,5,0,0,0,0,0,1,0,0,1,0
15,5,3,0,1,0,0,0,0,0,0,1,0
11,17,2,1,0,0,0,0,0,0,1,0,0
14,43,5,0,0,1,0,0,0,0,0,1,0
56,23,2,0,1,0,0,0,0,0,0,0,1
7,27,3,0,0,1,0,0,0,0,1,0,0
92,42,5,0,1,0,0,0,0,0,0,0,1
70,47,3,0,0,0,0,0,1,0,0,1,0
29,15,5,1,0,0,0,0,0,0,1,0,0
78,4,2,0,0,0,1,0,0,0,0,0,1
24,53,2,0,0,0,0,1,0,1,0,0,0
19,20,2,0,1,0,0,0,0,0,0,1,0
14,2,4,0,0,0,0,1,0,0,0,0,1
13,10,2,0,0,0,0,1,0,0,1,0,0
42,46,4,1,0,0,0,0,0,0,0,0,1
84,17,4,0,0,1,0,0,0,0,1,0,0
19,13,3,0,0,0,1,0,0,0,0,1,0
92,26,5,0,0,0,0,0,1,0,0,1,0
12,42,5,0,0,0,1,0,0,0,1,0,0
54,6,3,1,0,0,0,0,0,0,0,1,0
48,24,4,1,0,0,0,0,0,0,0,0,1
95,3,3,0,0,0,0,1,0,0,0,0,1
36,15,4,1,0,0,0,0,0,0,1,0,0
54,39,3,1,0,0,0,0,0,0,0,1,0
25,50,5,0,0,0,0,0,1,0,0,1,0
62,45,3,1,0,0,0,0,0,1,0,0,0
24,48,4,0,0,0,0,0,1,1,0,0,0
2,24,5,1,0,0,0,0,0,1,0,0,0
51,20,5,0,0,0,1,0,0,0,1,0,0
86,10,5,0,0,0,0,0,1,0,0,1,0
82,13,5,0,0,0,1,0,0,0,0,1,0
45,6,5,0,1,0,0,0,0,0,1,0,0
44,47,3,0,0,0,0,0,1,1,0,0,0
23,6,2,0,1,0,0,0,0,0,1,0,0
8,47,3,0,0,0,0,0,1,0,1,0,0
32,37,2,0,0,0,0,0,1,0,1,0,0
51,13,3,0,1,0,0,0,0,0,1,0,0
80,53,2,0,0,0,0,1,0,0,0,1,0
20,24,2,0,1,0,0,0,0,0,0,0,1
29,10,5,1,0,0,0,0,0,0,0,1,0
23,15,4,1,0,0,0,0,0,1,0,0,0
51,24,5,1,0,0,0,0,0,1,0,0,0
81,41,5,1,0,0,0,0,0,0,1,0,0
85,8,3,0,0,1,0,0,0,0,0,0,1
10,27,5,0,0,0,0,0,1,0,0,1,0
87,2,5,1,0,0,0,0,0,0,1,0,0
30,45,5,0,1,0,0,0,0,0,0,0,1
15,2,3,0,0,1,0,0,0,1,0,0,0
56,18,3,0,0,0,0,1,0,1,0,0,0
88,22,5,0,0,0,0,0,1,1,0,0,0
77,24,5,1,0,0,0,0,0,0,0,1,0
28,6,3,0,0,1,0,0,0,0,0,0,1
36,24,4,0,0,1,0,0,0,0,0,1,0
72,10,4,1,0,0,0,0,0,1,0,0,0
66,43,5,0,1,0,0,0,0,0,1,0,0
13,16,5,1,0,0,0,0,0,0,0,0,1
45,37,2,0,0,0,0,0,1,0,1,0,0
26,41,5,0,1,0,0,0,0,0,0,1,0
24,50,4,0,0,0,1,0,0,0,1,0,0
73,15,2,1,0,0,0,0,0,0,1,0,0
60,27,4,0,0,1,0,0,0,0,0,0,1
86,32,3,0,0,0,1,0,0,0,0,1,0
99,2,4,0,1,0,0,0,0,0,1,0,0
26,11,5,1,0,0,0,0,0,0,1,0,0
69,29,3,0,0,0,0,0,1,0,0,0,1
59,46,5,0,1,0,0,0,0,0,0,1,0
11,46,3,0,0,1,0,0,0,0,0,1,0
58,8,4,0,0,0,0,0,1,0,0,0,1
69,44,4,0,1,0,0,0,0,1,0,0,0
19,30,5,0,0,0,0,1,0,0,0,1,0
58,41,3,1,0,0,0,0,0,1,0,0,0
11,11,4,0,1,0,0,0,0,0,1,0,0
39,8,5,0,1,0,0,0,0,0,0,0,1
44,20,4,0,0,0,0,1,0,0,0,1,0
71,6,4,0,0,0,1,0,0,0,0,1,0
77,21,3,0,0,0,0,1,0,0,1,0,0
31,38,3,1,0,0,0,0,0,0,1,0,0
62,10,5,0,0,0,1,0,0,0,0,1,0
78,39,1,0,0,0,0,0,1,0,0,0,1
15,18,2,0,1,0,0,0,0,0,1,0,0
87,32,3,0,1,0,0,0,0,0,1,0,0
64,51,2,1,0,0,0,0,0,0,1,0,0
51,14,5,0,0,1,0,0,0,0,0,1,0
89,38,3,0,0,0,0,1,0,0,0,0,1
43,15,4,1,0,0,0,0,0,0,0,1,0
43,22,3,0,0,1,0,0,0,0,0,0,1
41,8,2,0,0,0,0,1,0,0,0,1,0
64,8,4,0,0,0,0,0,1,0,0,1,0
51,31,5,0,1,0,0,0,0,0,1,0,0
70,31,2,0,0,0,1,0,0,0,0,0,1
44,51,2,0,0,0,1,0,0,0,0,1,0
95,22,3,0,1,0,0,0,0,1,0,0,0
33,8,5,0,0,0,0,1,0,0,0,1,0
95,8,5,0,0,0,1,0,0,0,0,0,1
74,24,5,0,0,0,1,0,0,0,1,0,0
32,47,4,0,0,0,0,1,0,0,1,0,0
28,36,4,0,0,0,0,0,1,0,0,1,0
33,23,4,0,0,1,0,0,0,0,0,0,1
43,45,5,0,1,0,0,0,0,1,0,0,0
91,35,3,0,1,0,0,0,0,0,0,0,1
30,22,2,0,0,0,0,0,1,1,0,0,0
46,34,4,0,0,0,0,1,0,0,0,0,1
55,44,4,1,0,0,0,0,0,0,1,0,0
26,16,4,0,0,0,0,1,0,0,0,0,1
40,24,3,0,0,0,0,0,1,0,1,0,0
86,53,5,0,0,0,1,0,0,0,0,0,1
92,21,3,0,1,0,0,0,0,0,0,0,1
95,24,4,0,1,0,0,0,0,1,0,0,0
54,19,4,0,1,0,0,0,0,0,1,0,0
23,18,4,0,0,0,0,1,0,0,0,0,1
96,46,5,0,0,1,0,0,0,0,0,0,1
60,50,5,0,0,0,1,0,0,1,0,0,0
30,28,5,0,0,0,0,0,1,0,1,0,0
51,2,3,0,1,0,0,0,0,0,0,0,1
54,32,5,0,1,0,0,0,0,1,0,0,0
65,50,3,0,0,1,0,0,0,0,1,0,0
74,25,5,0,0,0,1,0,0,0,0,1,0
62,48,5,1,0,0,0,0,0,0,0,0,1
20,34,5,0,0,0,0,1,0,0,0,1,0
21,46,2,0,0,0,0,0,1,0,1,0,0
13,9,2,1,0,0,0,0,0,1,0,0,0
80,41,3,0,0,1,0,0,0,1,0,0,0
21,49,3,0,0,0,0,0,1,1,0,0,0
46,6,5,1,0,0,0,0,0,1,0,0,0
89,36,4,0,0,0,1,0,0,0,1,0,0
11,53,5,1,0,0,0,0,0,0,0,1,0
88,51,3,0,0,1,0,0,0,0,0,1,0
78,52,3,0,0,0,0,0,1,0,1,0,0
16,20,3,0,1,0,0,0,0,0,0,0,1
43,33,4,0,0,0,0,1,0,0,1,0,0
59,27,5,0,0,1,0,0,0,1,0,0,0
29,30,5,0,0,0,0,1,0,1,0,0,0
33,17,5,1,0,0,0,0,0,1,0,0,0
11,50,3,0,0,0,1,0,0,0,0,1,0
10,9,4,0,1,0,0,0,0,0,0,1,0
88,6,3,0,1,0,0,0,0,1,0,0,0
42,52,5,0,0,1,0,0,0,0,0,1,0
30,10,2,1,0,0,0,0,0,0,0,0,1
21,12,5,0,0,0,0,0,1,0,0,1,0
89,37,3,0,0,0,0,1,0,0,0,0,1
40,19,2,0,0,0,0,1,0,0,0,0,1
54,21,5,0,0,0,1,0,0,0,1,0,0
71,18,3,0,0,0,0,0,1,1,0,0,0
88,9,5,0,0,0,0,0,1,1,0,0,0
59,14,3,1,0,0,0,0,0,0,0,1,0
44,48,3,0,0,1,0,0,0,0,0,0,1
30,26,5,0,0,1,0,0,0,0,1,0,0
68,44,3,0,0,0,1,0,0,1,0,0,0
37,35,2,1,0,0,0,0,0,0,0,0,1
32,40,3,0,0,0,1,0,0,0,0,1,0
7,18,2,0,0,0,0,1,0,1,0,0,0
100,21,5,0,0,0,0,0,1,0,0,1,0
58,44,5,1,0,0,0,0,0,0,0,0,1
49,21,4,0,0,1,0,0,0,1,0,0,0
