userId,itemId,rating,price:1,price:2,price:3,price:4,price:5,Tâm linh,Di tích,Tham quan,Thắng cảnh,Ẩm thực,Giải trí,Nghỉ dưỡng,Mạo hiểm,Hồ sông suối,Đô thị,Nông thôn,Đồi núi,Biển,Rừng
4,1,3,0,1,1,1,0,0,0,0,0,1,1,0,1,0,0,0,0,0,0,
10,1,4,0,1,1,1,0,0,0,0,0,1,1,0,1,0,0,0,0,0,0,
13,1,4,0,1,1,1,0,0,0,0,0,1,1,0,1,0,0,0,0,0,0,
15,1,5,0,1,1,1,0,0,0,0,0,1,1,0,1,0,0,0,0,0,0,
17,1,2,0,1,1,1,0,0,0,0,0,1,1,0,1,0,0,0,0,0,0,
23,1,3,0,1,1,1,0,0,0,0,0,1,1,0,1,0,0,0,0,0,0,
26,1,2,0,1,1,1,0,0,0,0,0,1,1,0,1,0,0,0,0,0,0,
28,1,5,0,1,1,1,0,0,0,0,0,1,1,0,1,0,0,0,0,0,0,
33,1,4,0,1,1,1,0,0,0,0,0,1,1,0,1,0,0,0,0,0,0,
34,1,5,0,1,1,1,0,0,0,0,0,1,1,0,1,0,0,0,0,0,0,
39,1,5,0,1,1,1,0,0,0,0,0,1,1,0,1,0,0,0,0,0,0,
48,1,4,0,1,1,1,0,0,0,0,0,1,1,0,1,0,0,0,0,0,0,
56,1,5,0,1,1,1,0,0,0,0,0,1,1,0,1,0,0,0,0,0,0,
61,1,5,0,1,1,1,0,0,0,0,0,1,1,0,1,0,0,0,0,0,0,
62,1,5,0,1,1,1,0,0,0,0,0,1,1,0,1,0,0,0,0,0,0,
63,1,3,0,1,1,1,0,0,0,0,0,1,1,0,1,0,0,0,0,0,0,
73,1,1,0,1,1,1,0,0,0,0,0,1,1,0,1,0,0,0,0,0,0,
78,1,5,0,1,1,1,0,0,0,0,0,1,1,0,1,0,0,0,0,0,0,
81,1,3,0,1,1,1,0,0,0,0,0,1,1,0,1,0,0,0,0,0,0,
83,1,4,0,1,1,1,0,0,0,0,0,1,1,0,1,0,0,0,0,0,0,
84,1,5,0,1,1,1,0,0,0,0,0,1,1,0,1,0,0,0,0,0,0,
86,1,5,0,1,1,1,0,0,0,0,0,1,1,0,1,0,0,0,0,0,0,
87,1,5,0,1,1,1,0,0,0,0,0,1,1,0,1,0,0,0,0,0,0,
90,1,4,0,1,1,1,0,0,0,0,0,1,1,0,1,0,0,0,0,0,0,
98,1,4,0,1,1,1,0,0,0,0,0,1,1,0,1,0,0,0,0,0,0,
2,2,3,0,0,1,1,0,0,0,1,1,1,1,0,0,0,0,0,0,0,0,
4,2,3,0,0,1,1,0,0,0,1,1,1,1,0,0,0,0,0,0,0,0,
7,2,4,0,0,1,1,0,0,0,1,1,1,1,0,0,0,0,0,0,0,0,
8,2,3,0,0,1,1,0,0,0,1,1,1,1,0,0,0,0,0,0,0,0,
10,2,4,0,0,1,1,0,0,0,1,1,1,1,0,0,0,0,0,0,0,0,
19,2,5,0,0,1,1,0,0,0,1,1,1,1,0,0,0,0,0,0,0,0,
23,2,1,0,0,1,1,0,0,0,1,1,1,1,0,0,0,0,0,0,0,0,
28,2,3,0,0,1,1,0,0,0,1,1,1,1,0,0,0,0,0,0,0,0,
32,2,4,0,0,1,1,0,0,0,1,1,1,1,0,0,0,0,0,0,0,0,
34,2,2,0,0,1,1,0,0,0,1,1,1,1,0,0,0,0,0,0,0,0,
36,2,4,0,0,1,1,0,0,0,1,1,1,1,0,0,0,0,0,0,0,0,
37,2,2,0,0,1,1,0,0,0,1,1,1,1,0,0,0,0,0,0,0,0,
39,2,2,0,0,1,1,0,0,0,1,1,1,1,0,0,0,0,0,0,0,0,
66,2,5,0,0,1,1,0,0,0,1,1,1,1,0,0,0,0,0,0,0,0,
81,2,4,0,0,1,1,0,0,0,1,1,1,1,0,0,0,0,0,0,0,0,
85,2,2,0,0,1,1,0,0,0,1,1,1,1,0,0,0,0,0,0,0,0,
88,2,4,0,0,1,1,0,0,0,1,1,1,1,0,0,0,0,0,0,0,0,
89,2,2,0,0,1,1,0,0,0,1,1,1,1,0,0,0,0,0,0,0,0,
91,2,4,0,0,1,1,0,0,0,1,1,1,1,0,0,0,0,0,0,0,0,
97,2,4,0,0,1,1,0,0,0,1,1,1,1,0,0,0,0,0,0,0,0,
99,2,1,0,0,1,1,0,0,0,1,1,1,1,0,0,0,0,0,0,0,0,
12,3,2,0,0,0,0,1,0,0,0,0,0,0,0,0,0,0,0,0,1,0,
26,3,4,0,0,0,0,1,0,0,0,0,0,0,0,0,0,0,0,0,1,0,
32,3,3,0,0,0,0,1,0,0,0,0,0,0,0,0,0,0,0,0,1,0,
37,3,5,0,0,0,0,1,0,0,0,0,0,0,0,0,0,0,0,0,1,0,
43,3,5,0,0,0,0,1,0,0,0,0,0,0,0,0,0,0,0,0,1,0,
76,3,1,0,0,0,0,1,0,0,0,0,0,0,0,0,0,0,0,0,1,0,
79,3,1,0,0,0,0,1,0,0,0,0,0,0,0,0,0,0,0,0,1,0,
83,3,4,0,0,0,0,1,0,0,0,0,0,0,0,0,0,0,0,0,1,0,
94,3,4,0,0,0,0,1,0,0,0,0,0,0,0,0,0,0,0,0,1,0,
1,4,4,0,0,0,0,1,0,0,0,0,0,0,0,0,0,0,0,0,1,0,
6,4,5,0,0,0,0,1,0,0,0,0,0,0,0,0,0,0,0,0,1,0,
8,4,2,0,0,0,0,1,0,0,0,0,0,0,0,0,0,0,0,0,1,0,
10,4,5,0,0,0,0,1,0,0,0,0,0,0,0,0,0,0,0,0,1,0,
16,4,1,0,0,0,0,1,0,0,0,0,0,0,0,0,0,0,0,0,1,0,
23,4,2,0,0,0,0,1,0,0,0,0,0,0,0,0,0,0,0,0,1,0,
31,4,2,0,0,0,0,1,0,0,0,0,0,0,0,0,0,0,0,0,1,0,
37,4,4,0,0,0,0,1,0,0,0,0,0,0,0,0,0,0,0,0,1,0,
46,4,3,0,0,0,0,1,0,0,0,0,0,0,0,0,0,0,0,0,1,0,
48,4,5,0,0,0,0,1,0,0,0,0,0,0,0,0,0,0,0,0,1,0,
53,4,1,0,0,0,0,1,0,0,0,0,0,0,0,0,0,0,0,0,1,0,
55,4,1,0,0,0,0,1,0,0,0,0,0,0,0,0,0,0,0,0,1,0,
56,4,2,0,0,0,0,1,0,0,0,0,0,0,0,0,0,0,0,0,1,0,
57,4,5,0,0,0,0,1,0,0,0,0,0,0,0,0,0,0,0,0,1,0,
61,4,5,0,0,0,0,1,0,0,0,0,0,0,0,0,0,0,0,0,1,0,
66,4,1,0,0,0,0,1,0,0,0,0,0,0,0,0,0,0,0,0,1,0,
68,4,4,0,0,0,0,1,0,0,0,0,0,0,0,0,0,0,0,0,1,0,
70,4,4,0,0,0,0,1,0,0,0,0,0,0,0,0,0,0,0,0,1,0,
71,4,2,0,0,0,0,1,0,0,0,0,0,0,0,0,0,0,0,0,1,0,
73,4,2,0,0,0,0,1,0,0,0,0,0,0,0,0,0,0,0,0,1,0,
75,8,5,0,0,1,0,0,0,0,0,1,0,0,0,1,0,0,0,1,0,0,
74,4,4,0,0,0,0,1,0,0,0,0,0,0,0,0,0,0,0,0,1,0,
81,4,2,0,0,0,0,1,0,0,0,0,0,0,0,0,0,0,0,0,1,0,
87,4,3,0,0,0,0,1,0,0,0,0,0,0,0,0,0,0,0,0,1,0,
93,4,2,0,0,0,0,1,0,0,0,0,0,0,0,0,0,0,0,0,1,0,
94,4,3,0,0,0,0,1,0,0,0,0,0,0,0,0,0,0,0,0,1,0,
100,4,1,0,0,0,0,1,0,0,0,0,0,0,0,0,0,0,0,0,1,0,
2,5,2,0,1,1,0,0,0,0,0,1,0,1,0,0,1,0,0,0,0,0,
5,5,3,0,1,1,0,0,0,0,0,1,0,1,0,0,1,0,0,0,0,0,
11,5,4,0,1,1,0,0,0,0,0,1,0,1,0,0,1,0,0,0,0,0,
12,5,5,0,1,1,0,0,0,0,0,1,0,1,0,0,1,0,0,0,0,0,
13,5,1,0,1,1,0,0,0,0,0,1,0,1,0,0,1,0,0,0,0,0,
19,5,2,0,1,1,0,0,0,0,0,1,0,1,0,0,1,0,0,0,0,0,
22,5,5,0,1,1,0,0,0,0,0,1,0,1,0,0,1,0,0,0,0,0,
24,5,1,0,1,1,0,0,0,0,0,1,0,1,0,0,1,0,0,0,0,0,
28,5,3,0,1,1,0,0,0,0,0,1,0,1,0,0,1,0,0,0,0,0,
38,5,5,0,1,1,0,0,0,0,0,1,0,1,0,0,1,0,0,0,0,0,
41,5,4,0,1,1,0,0,0,0,0,1,0,1,0,0,1,0,0,0,0,0,
42,5,1,0,1,1,0,0,0,0,0,1,0,1,0,0,1,0,0,0,0,0,
43,5,1,0,1,1,0,0,0,0,0,1,0,1,0,0,1,0,0,0,0,0,
47,5,4,0,1,1,0,0,0,0,0,1,0,1,0,0,1,0,0,0,0,0,
48,5,4,0,1,1,0,0,0,0,0,1,0,1,0,0,1,0,0,0,0,0,
49,5,5,0,1,1,0,0,0,0,0,1,0,1,0,0,1,0,0,0,0,0,
51,5,3,0,1,1,0,0,0,0,0,1,0,1,0,0,1,0,0,0,0,0,
55,5,3,0,1,1,0,0,0,0,0,1,0,1,0,0,1,0,0,0,0,0,
70,5,4,0,1,1,0,0,0,0,0,1,0,1,0,0,1,0,0,0,0,0,
76,5,3,0,1,1,0,0,0,0,0,1,0,1,0,0,1,0,0,0,0,0,
77,5,4,0,1,1,0,0,0,0,0,1,0,1,0,0,1,0,0,0,0,0,
84,5,3,0,1,1,0,0,0,0,0,1,0,1,0,0,1,0,0,0,0,0,
85,5,3,0,1,1,0,0,0,0,0,1,0,1,0,0,1,0,0,0,0,0,
91,5,5,0,1,1,0,0,0,0,0,1,0,1,0,0,1,0,0,0,0,0,
98,5,3,0,1,1,0,0,0,0,0,1,0,1,0,0,1,0,0,0,0,0,
2,6,4,0,1,1,1,0,0,0,0,1,0,1,0,1,1,0,0,0,0,0,
4,6,1,0,1,1,1,0,0,0,0,1,0,1,0,1,1,0,0,0,0,0,
11,6,1,0,1,1,1,0,0,0,0,1,0,1,0,1,1,0,0,0,0,0,
15,6,1,0,1,1,1,0,0,0,0,1,0,1,0,1,1,0,0,0,0,0,
16,6,1,0,1,1,1,0,0,0,0,1,0,1,0,1,1,0,0,0,0,0,
32,6,2,0,1,1,1,0,0,0,0,1,0,1,0,1,1,0,0,0,0,0,
43,6,3,0,1,1,1,0,0,0,0,1,0,1,0,1,1,0,0,0,0,0,
45,6,4,0,1,1,1,0,0,0,0,1,0,1,0,1,1,0,0,0,0,0,
46,6,4,0,1,1,1,0,0,0,0,1,0,1,0,1,1,0,0,0,0,0,
54,6,2,0,1,1,1,0,0,0,0,1,0,1,0,1,1,0,0,0,0,0,
60,6,2,0,1,1,1,0,0,0,0,1,0,1,0,1,1,0,0,0,0,0,
64,6,1,0,1,1,1,0,0,0,0,1,0,1,0,1,1,0,0,0,0,0,
68,6,3,0,1,1,1,0,0,0,0,1,0,1,0,1,1,0,0,0,0,0,
76,6,1,0,1,1,1,0,0,0,0,1,0,1,0,1,1,0,0,0,0,0,
80,6,2,0,1,1,1,0,0,0,0,1,0,1,0,1,1,0,0,0,0,0,
84,6,2,0,1,1,1,0,0,0,0,1,0,1,0,1,1,0,0,0,0,0,
99,6,4,0,1,1,1,0,0,0,0,1,0,1,0,1,1,0,0,0,0,0,
5,7,3,0,0,0,0,1,0,0,1,0,0,0,0,0,0,0,0,0,0,0,
9,7,4,0,0,0,0,1,0,0,1,0,0,0,0,0,0,0,0,0,0,0,
13,7,5,0,0,0,0,1,0,0,1,0,0,0,0,0,0,0,0,0,0,0,
18,7,5,0,0,0,0,1,0,0,1,0,0,0,0,0,0,0,0,0,0,0,
36,7,3,0,0,0,0,1,0,0,1,0,0,0,0,0,0,0,0,0,0,0,
38,7,4,0,0,0,0,1,0,0,1,0,0,0,0,0,0,0,0,0,0,0,
42,7,3,0,0,0,0,1,0,0,1,0,0,0,0,0,0,0,0,0,0,0,
60,7,3,0,0,0,0,1,0,0,1,0,0,0,0,0,0,0,0,0,0,0,
61,7,4,0,0,0,0,1,0,0,1,0,0,0,0,0,0,0,0,0,0,0,
62,7,3,0,0,0,0,1,0,0,1,0,0,0,0,0,0,0,0,0,0,0,
66,7,3,0,0,0,0,1,0,0,1,0,0,0,0,0,0,0,0,0,0,0,
83,7,3,0,0,0,0,1,0,0,1,0,0,0,0,0,0,0,0,0,0,0,
89,7,4,0,0,0,0,1,0,0,1,0,0,0,0,0,0,0,0,0,0,0,
92,7,3,0,0,0,0,1,0,0,1,0,0,0,0,0,0,0,0,0,0,0,
97,7,4,0,0,0,0,1,0,0,1,0,0,0,0,0,0,0,0,0,0,0,
11,8,5,0,0,1,0,0,0,0,0,1,0,0,0,1,0,0,0,1,0,0,
16,8,3,0,0,1,0,0,0,0,0,1,0,0,0,1,0,0,0,1,0,0,
17,8,5,0,0,1,0,0,0,0,0,1,0,0,0,1,0,0,0,1,0,0,
20,8,5,0,0,1,0,0,0,0,0,1,0,0,0,1,0,0,0,1,0,0,
32,8,1,0,0,1,0,0,0,0,0,1,0,0,0,1,0,0,0,1,0,0,
33,8,3,0,0,1,0,0,0,0,0,1,0,0,0,1,0,0,0,1,0,0,
34,8,5,0,0,1,0,0,0,0,0,1,0,0,0,1,0,0,0,1,0,0,
46,8,5,0,0,1,0,0,0,0,0,1,0,0,0,1,0,0,0,1,0,0,
54,8,5,0,0,1,0,0,0,0,0,1,0,0,0,1,0,0,0,1,0,0,
60,8,5,0,0,1,0,0,0,0,0,1,0,0,0,1,0,0,0,1,0,0,
66,8,5,0,0,1,0,0,0,0,0,1,0,0,0,1,0,0,0,1,0,0,
73,8,3,0,0,1,0,0,0,0,0,1,0,0,0,1,0,0,0,1,0,0,
74,8,4,0,0,1,0,0,0,0,0,1,0,0,0,1,0,0,0,1,0,0,
79,8,3,0,0,1,0,0,0,0,0,1,0,0,0,1,0,0,0,1,0,0,
80,8,5,0,0,1,0,0,0,0,0,1,0,0,0,1,0,0,0,1,0,0,
81,8,5,0,0,1,0,0,0,0,0,1,0,0,0,1,0,0,0,1,0,0,
82,8,5,0,0,1,0,0,0,0,0,1,0,0,0,1,0,0,0,1,0,0,
89,8,3,0,0,1,0,0,0,0,0,1,0,0,0,1,0,0,0,1,0,0,
90,8,4,0,0,1,0,0,0,0,0,1,0,0,0,1,0,0,0,1,0,0,
98,8,4,0,0,1,0,0,0,0,0,1,0,0,0,1,0,0,0,1,0,0,
1,9,5,0,0,1,0,0,0,0,0,1,0,0,0,0,0,0,0,0,0,0,
4,9,3,0,0,1,0,0,0,0,0,1,0,0,0,0,0,0,0,0,0,0,
8,9,3,0,0,1,0,0,0,0,0,1,0,0,0,0,0,0,0,0,0,0,
12,9,3,0,0,1,0,0,0,0,0,1,0,0,0,0,0,0,0,0,0,0,
18,9,5,0,0,1,0,0,0,0,0,1,0,0,0,0,0,0,0,0,0,0,
24,9,3,0,0,1,0,0,0,0,0,1,0,0,0,0,0,0,0,0,0,0,
25,9,5,0,0,1,0,0,0,0,0,1,0,0,0,0,0,0,0,0,0,0,
27,9,2,0,0,1,0,0,0,0,0,1,0,0,0,0,0,0,0,0,0,0,
33,9,3,0,0,1,0,0,0,0,0,1,0,0,0,0,0,0,0,0,0,0,
44,9,4,0,0,1,0,0,0,0,0,1,0,0,0,0,0,0,0,0,0,0,
46,9,5,0,0,1,0,0,0,0,0,1,0,0,0,0,0,0,0,0,0,0,
66,9,5,0,0,1,0,0,0,0,0,1,0,0,0,0,0,0,0,0,0,0,
81,9,3,0,0,1,0,0,0,0,0,1,0,0,0,0,0,0,0,0,0,0,
82,9,4,0,0,1,0,0,0,0,0,1,0,0,0,0,0,0,0,0,0,0,
93,9,4,0,0,1,0,0,0,0,0,1,0,0,0,0,0,0,0,0,0,0,
3,10,4,0,0,0,0,1,0,0,0,1,0,0,0,0,0,0,0,1,0,0,
5,10,5,0,0,0,0,1,0,0,0,1,0,0,0,0,0,0,0,1,0,0,
11,10,2,0,0,0,0,1,0,0,0,1,0,0,0,0,0,0,0,1,0,0,
16,10,5,0,0,0,0,1,0,0,0,1,0,0,0,0,0,0,0,1,0,0,
19,10,4,0,0,0,0,1,0,0,0,1,0,0,0,0,0,0,0,1,0,0,
25,10,3,0,0,0,0,1,0,0,0,1,0,0,0,0,0,0,0,1,0,0,
30,10,1,0,0,0,0,1,0,0,0,1,0,0,0,0,0,0,0,1,0,0,
31,10,3,0,0,0,0,1,0,0,0,1,0,0,0,0,0,0,0,1,0,0,
38,10,5,0,0,0,0,1,0,0,0,1,0,0,0,0,0,0,0,1,0,0,
41,10,3,0,0,0,0,1,0,0,0,1,0,0,0,0,0,0,0,1,0,0,
45,10,5,0,0,0,0,1,0,0,0,1,0,0,0,0,0,0,0,1,0,0,
52,10,3,0,0,0,0,1,0,0,0,1,0,0,0,0,0,0,0,1,0,0,
55,10,5,0,0,0,0,1,0,0,0,1,0,0,0,0,0,0,0,1,0,0,
63,10,1,0,0,0,0,1,0,0,0,1,0,0,0,0,0,0,0,1,0,0,
64,10,3,0,0,0,0,1,0,0,0,1,0,0,0,0,0,0,0,1,0,0,
67,10,3,0,0,0,0,1,0,0,0,1,0,0,0,0,0,0,0,1,0,0,
73,10,3,0,0,0,0,1,0,0,0,1,0,0,0,0,0,0,0,1,0,0,
77,10,5,0,0,0,0,1,0,0,0,1,0,0,0,0,0,0,0,1,0,0,
87,10,5,0,0,0,0,1,0,0,0,1,0,0,0,0,0,0,0,1,0,0,
89,10,4,0,0,0,0,1,0,0,0,1,0,0,0,0,0,0,0,1,0,0,
94,10,5,0,0,0,0,1,0,0,0,1,0,0,0,0,0,0,0,1,0,0,
97,10,5,0,0,0,0,1,0,0,0,1,0,0,0,0,0,0,0,1,0,0,
3,11,2,0,0,0,0,1,0,0,1,0,0,0,0,0,0,0,0,0,0,0,
6,11,2,0,0,0,0,1,0,0,1,0,0,0,0,0,0,0,0,0,0,0,
10,11,5,0,0,0,0,1,0,0,1,0,0,0,0,0,0,0,0,0,0,0,
19,11,2,0,0,0,0,1,0,0,1,0,0,0,0,0,0,0,0,0,0,0,
20,11,4,0,0,0,0,1,0,0,1,0,0,0,0,0,0,0,0,0,0,0,
21,11,1,0,0,0,0,1,0,0,1,0,0,0,0,0,0,0,0,0,0,0,
22,11,3,0,0,0,0,1,0,0,1,0,0,0,0,0,0,0,0,0,0,0,
24,11,1,0,0,0,0,1,0,0,1,0,0,0,0,0,0,0,0,0,0,0,
26,11,3,0,0,0,0,1,0,0,1,0,0,0,0,0,0,0,0,0,0,0,
40,11,5,0,0,0,0,1,0,0,1,0,0,0,0,0,0,0,0,0,0,0,
45,11,5,0,0,0,0,1,0,0,1,0,0,0,0,0,0,0,0,0,0,0,
50,11,3,0,0,0,0,1,0,0,1,0,0,0,0,0,0,0,0,0,0,0,
62,11,3,0,0,0,0,1,0,0,1,0,0,0,0,0,0,0,0,0,0,0,
64,11,3,0,0,0,0,1,0,0,1,0,0,0,0,0,0,0,0,0,0,0,
67,11,4,0,0,0,0,1,0,0,1,0,0,0,0,0,0,0,0,0,0,0,
68,11,3,0,0,0,0,1,0,0,1,0,0,0,0,0,0,0,0,0,0,0,
72,11,4,0,0,0,0,1,0,0,1,0,0,0,0,0,0,0,0,0,0,0,
74,11,3,0,0,0,0,1,0,0,1,0,0,0,0,0,0,0,0,0,0,0,
84,11,1,0,0,0,0,1,0,0,1,0,0,0,0,0,0,0,0,0,0,0,
93,11,3,0,0,0,0,1,0,0,1,0,0,0,0,0,0,0,0,0,0,0,
98,11,3,0,0,0,0,1,0,0,1,0,0,0,0,0,0,0,0,0,0,0,
2,12,2,0,0,0,0,1,0,0,1,0,0,0,0,0,0,0,0,0,0,0,
3,12,2,0,0,0,0,1,0,0,1,0,0,0,0,0,0,0,0,0,0,0,
7,12,3,0,0,0,0,1,0,0,1,0,0,0,0,0,0,0,0,0,0,0,
10,12,4,0,0,0,0,1,0,0,1,0,0,0,0,0,0,0,0,0,0,0,
18,12,2,0,0,0,0,1,0,0,1,0,0,0,0,0,0,0,0,0,0,0,
19,12,1,0,0,0,0,1,0,0,1,0,0,0,0,0,0,0,0,0,0,0,
41,12,5,0,0,0,0,1,0,0,1,0,0,0,0,0,0,0,0,0,0,0,
45,12,2,0,0,0,0,1,0,0,1,0,0,0,0,0,0,0,0,0,0,0,
57,12,4,0,0,0,0,1,0,0,1,0,0,0,0,0,0,0,0,0,0,0,
59,12,4,0,0,0,0,1,0,0,1,0,0,0,0,0,0,0,0,0,0,0,
73,12,2,0,0,0,0,1,0,0,1,0,0,0,0,0,0,0,0,0,0,0,
75,12,4,0,0,0,0,1,0,0,1,0,0,0,0,0,0,0,0,0,0,0,
76,12,4,0,0,0,0,1,0,0,1,0,0,0,0,0,0,0,0,0,0,0,
87,12,3,0,0,0,0,1,0,0,1,0,0,0,0,0,0,0,0,0,0,0,
89,12,2,0,0,0,0,1,0,0,1,0,0,0,0,0,0,0,0,0,0,0,
90,12,2,0,0,0,0,1,0,0,1,0,0,0,0,0,0,0,0,0,0,0,
97,12,4,0,0,0,0,1,0,0,1,0,0,0,0,0,0,0,0,0,0,0,
6,13,2,0,1,1,0,0,0,0,0,1,1,1,0,0,0,0,0,0,1,0,
7,13,2,0,1,1,0,0,0,0,0,1,1,1,0,0,0,0,0,0,1,0,
12,13,3,0,1,1,0,0,0,0,0,1,1,1,0,0,0,0,0,0,1,0,
18,13,1,0,1,1,0,0,0,0,0,1,1,1,0,0,0,0,0,0,1,0,
27,13,4,0,1,1,0,0,0,0,0,1,1,1,0,0,0,0,0,0,1,0,
31,13,4,0,1,1,0,0,0,0,0,1,1,1,0,0,0,0,0,0,1,0,
40,13,2,0,1,1,0,0,0,0,0,1,1,1,0,0,0,0,0,0,1,0,
42,13,1,0,1,1,0,0,0,0,0,1,1,1,0,0,0,0,0,0,1,0,
50,13,1,0,1,1,0,0,0,0,0,1,1,1,0,0,0,0,0,0,1,0,
51,13,3,0,1,1,0,0,0,0,0,1,1,1,0,0,0,0,0,0,1,0,
61,13,1,0,1,1,0,0,0,0,0,1,1,1,0,0,0,0,0,0,1,0,
68,13,2,0,1,1,0,0,0,0,0,1,1,1,0,0,0,0,0,0,1,0,
72,13,3,0,1,1,0,0,0,0,0,1,1,1,0,0,0,0,0,0,1,0,
74,13,2,0,1,1,0,0,0,0,0,1,1,1,0,0,0,0,0,0,1,0,
78,13,1,0,1,1,0,0,0,0,0,1,1,1,0,0,0,0,0,0,1,0,
79,13,2,0,1,1,0,0,0,0,0,1,1,1,0,0,0,0,0,0,1,0,
82,13,1,0,1,1,0,0,0,0,0,1,1,1,0,0,0,0,0,0,1,0,
83,13,5,0,1,1,0,0,0,0,0,1,1,1,0,0,0,0,0,0,1,0,
84,13,4,0,1,1,0,0,0,0,0,1,1,1,0,0,0,0,0,0,1,0,
85,13,1,0,1,1,0,0,0,0,0,1,1,1,0,0,0,0,0,0,1,0,
92,13,3,0,1,1,0,0,0,0,0,1,1,1,0,0,0,0,0,0,1,0,
95,13,1,0,1,1,0,0,0,0,0,1,1,1,0,0,0,0,0,0,1,0,
98,13,2,0,1,1,0,0,0,0,0,1,1,1,0,0,0,0,0,0,1,0,
3,14,5,1,1,0,0,0,0,0,0,1,1,1,0,0,0,0,0,0,1,0,
10,14,5,1,1,0,0,0,0,0,0,1,1,1,0,0,0,0,0,0,1,0,
13,14,5,1,1,0,0,0,0,0,0,1,1,1,0,0,0,0,0,0,1,0,
25,14,5,1,1,0,0,0,0,0,0,1,1,1,0,0,0,0,0,0,1,0,
26,14,3,1,1,0,0,0,0,0,0,1,1,1,0,0,0,0,0,0,1,0,
31,14,5,1,1,0,0,0,0,0,0,1,1,1,0,0,0,0,0,0,1,0,
38,14,4,1,1,0,0,0,0,0,0,1,1,1,0,0,0,0,0,0,1,0,
40,14,4,1,1,0,0,0,0,0,0,1,1,1,0,0,0,0,0,0,1,0,
42,14,4,1,1,0,0,0,0,0,0,1,1,1,0,0,0,0,0,0,1,0,
49,14,3,1,1,0,0,0,0,0,0,1,1,1,0,0,0,0,0,0,1,0,
54,14,3,1,1,0,0,0,0,0,0,1,1,1,0,0,0,0,0,0,1,0,
64,14,3,1,1,0,0,0,0,0,0,1,1,1,0,0,0,0,0,0,1,0,
69,14,3,1,1,0,0,0,0,0,0,1,1,1,0,0,0,0,0,0,1,0,
75,14,3,1,1,0,0,0,0,0,0,1,1,1,0,0,0,0,0,0,1,0,
79,14,5,1,1,0,0,0,0,0,0,1,1,1,0,0,0,0,0,0,1,0,
81,14,3,1,1,0,0,0,0,0,0,1,1,1,0,0,0,0,0,0,1,0,
87,14,4,1,1,0,0,0,0,0,0,1,1,1,0,0,0,0,0,0,1,0,
89,14,3,1,1,0,0,0,0,0,0,1,1,1,0,0,0,0,0,0,1,0,
9,15,4,1,1,0,0,0,0,0,0,1,0,1,0,0,1,0,0,0,0,0,
15,15,5,1,1,0,0,0,0,0,0,1,0,1,0,0,1,0,0,0,0,0,
24,15,2,1,1,0,0,0,0,0,0,1,0,1,0,0,1,0,0,0,0,0,
27,15,4,1,1,0,0,0,0,0,0,1,0,1,0,0,1,0,0,0,0,0,
28,15,5,1,1,0,0,0,0,0,0,1,0,1,0,0,1,0,0,0,0,0,
30,15,5,1,1,0,0,0,0,0,0,1,0,1,0,0,1,0,0,0,0,0,
34,15,3,1,1,0,0,0,0,0,0,1,0,1,0,0,1,0,0,0,0,0,
37,15,5,1,1,0,0,0,0,0,0,1,0,1,0,0,1,0,0,0,0,0,
38,15,2,1,1,0,0,0,0,0,0,1,0,1,0,0,1,0,0,0,0,0,
39,15,1,1,1,0,0,0,0,0,0,1,0,1,0,0,1,0,0,0,0,0,
53,15,4,1,1,0,0,0,0,0,0,1,0,1,0,0,1,0,0,0,0,0,
63,15,2,1,1,0,0,0,0,0,0,1,0,1,0,0,1,0,0,0,0,0,
68,15,3,1,1,0,0,0,0,0,0,1,0,1,0,0,1,0,0,0,0,0,
75,15,1,1,1,0,0,0,0,0,0,1,0,1,0,0,1,0,0,0,0,0,
77,15,4,1,1,0,0,0,0,0,0,1,0,1,0,0,1,0,0,0,0,0,
82,15,3,1,1,0,0,0,0,0,0,1,0,1,0,0,1,0,0,0,0,0,
86,15,2,1,1,0,0,0,0,0,0,1,0,1,0,0,1,0,0,0,0,0,
88,15,3,1,1,0,0,0,0,0,0,1,0,1,0,0,1,0,0,0,0,0,
91,15,4,1,1,0,0,0,0,0,0,1,0,1,0,0,1,0,0,0,0,0,
93,15,4,1,1,0,0,0,0,0,0,1,0,1,0,0,1,0,0,0,0,0,
98,15,3,1,1,0,0,0,0,0,0,1,0,1,0,0,1,0,0,0,0,0,
100,15,3,1,1,0,0,0,0,0,0,1,0,1,0,0,1,0,0,0,0,0,
8,16,5,0,0,0,0,1,0,0,1,0,0,0,0,0,0,0,0,0,0,0,
10,16,5,0,0,0,0,1,0,0,1,0,0,0,0,0,0,0,0,0,0,0,
11,16,2,0,0,0,0,1,0,0,1,0,0,0,0,0,0,0,0,0,0,0,
19,16,4,0,0,0,0,1,0,0,1,0,0,0,0,0,0,0,0,0,0,0,
23,16,5,0,0,0,0,1,0,0,1,0,0,0,0,0,0,0,0,0,0,0,
25,16,3,0,0,0,0,1,0,0,1,0,0,0,0,0,0,0,0,0,0,0,
26,16,3,0,0,0,0,1,0,0,1,0,0,0,0,0,0,0,0,0,0,0,
33,16,4,0,0,0,0,1,0,0,1,0,0,0,0,0,0,0,0,0,0,0,
36,16,3,0,0,0,0,1,0,0,1,0,0,0,0,0,0,0,0,0,0,0,
38,16,3,0,0,0,0,1,0,0,1,0,0,0,0,0,0,0,0,0,0,0,
44,16,4,0,0,0,0,1,0,0,1,0,0,0,0,0,0,0,0,0,0,0,
45,16,5,0,0,0,0,1,0,0,1,0,0,0,0,0,0,0,0,0,0,0,
49,16,4,0,0,0,0,1,0,0,1,0,0,0,0,0,0,0,0,0,0,0,
51,16,5,0,0,0,0,1,0,0,1,0,0,0,0,0,0,0,0,0,0,0,
52,16,5,0,0,0,0,1,0,0,1,0,0,0,0,0,0,0,0,0,0,0,
61,16,3,0,0,0,0,1,0,0,1,0,0,0,0,0,0,0,0,0,0,0,
68,16,4,0,0,0,0,1,0,0,1,0,0,0,0,0,0,0,0,0,0,0,
70,16,3,0,0,0,0,1,0,0,1,0,0,0,0,0,0,0,0,0,0,0,
80,16,5,0,0,0,0,1,0,0,1,0,0,0,0,0,0,0,0,0,0,0,
82,16,3,0,0,0,0,1,0,0,1,0,0,0,0,0,0,0,0,0,0,0,
89,16,4,0,0,0,0,1,0,0,1,0,0,0,0,0,0,0,0,0,0,0,
6,17,5,1,1,0,0,0,0,0,0,1,0,0,0,0,0,0,0,0,1,0,
14,17,5,1,1,0,0,0,0,0,0,1,0,0,0,0,0,0,0,0,1,0,
18,17,3,1,1,0,0,0,0,0,0,1,0,0,0,0,0,0,0,0,1,0,
25,17,3,1,1,0,0,0,0,0,0,1,0,0,0,0,0,0,0,0,1,0,
36,17,4,1,1,0,0,0,0,0,0,1,0,0,0,0,0,0,0,0,1,0,
40,17,2,1,1,0,0,0,0,0,0,1,0,0,0,0,0,0,0,0,1,0,
41,17,1,1,1,0,0,0,0,0,0,1,0,0,0,0,0,0,0,0,1,0,
43,17,2,1,1,0,0,0,0,0,0,1,0,0,0,0,0,0,0,0,1,0,
51,17,1,1,1,0,0,0,0,0,0,1,0,0,0,0,0,0,0,0,1,0,
55,17,3,1,1,0,0,0,0,0,0,1,0,0,0,0,0,0,0,0,1,0,
60,17,3,1,1,0,0,0,0,0,0,1,0,0,0,0,0,0,0,0,1,0,
66,17,5,1,1,0,0,0,0,0,0,1,0,0,0,0,0,0,0,0,1,0,
68,17,2,1,1,0,0,0,0,0,0,1,0,0,0,0,0,0,0,0,1,0,
77,17,3,1,1,0,0,0,0,0,0,1,0,0,0,0,0,0,0,0,1,0,
78,17,5,1,1,0,0,0,0,0,0,1,0,0,0,0,0,0,0,0,1,0,
82,17,5,1,1,0,0,0,0,0,0,1,0,0,0,0,0,0,0,0,1,0,
86,17,1,1,1,0,0,0,0,0,0,1,0,0,0,0,0,0,0,0,1,0,
87,17,3,1,1,0,0,0,0,0,0,1,0,0,0,0,0,0,0,0,1,0,
88,17,3,1,1,0,0,0,0,0,0,1,0,0,0,0,0,0,0,0,1,0,
92,17,1,1,1,0,0,0,0,0,0,1,0,0,0,0,0,0,0,0,1,0,
1,18,1,1,1,0,0,0,0,1,1,0,0,0,0,0,0,0,1,0,0,0,
2,18,4,1,1,0,0,0,0,1,1,0,0,0,0,0,0,0,1,0,0,0,
7,18,4,1,1,0,0,0,0,1,1,0,0,0,0,0,0,0,1,0,0,0,
13,18,2,1,1,0,0,0,0,1,1,0,0,0,0,0,0,0,1,0,0,0,
17,18,4,1,1,0,0,0,0,1,1,0,0,0,0,0,0,0,1,0,0,0,
27,18,4,1,1,0,0,0,0,1,1,0,0,0,0,0,0,0,1,0,0,0,
35,18,3,1,1,0,0,0,0,1,1,0,0,0,0,0,0,0,1,0,0,0,
36,18,1,1,1,0,0,0,0,1,1,0,0,0,0,0,0,0,1,0,0,0,
38,18,4,1,1,0,0,0,0,1,1,0,0,0,0,0,0,0,1,0,0,0,
42,18,3,1,1,0,0,0,0,1,1,0,0,0,0,0,0,0,1,0,0,0,
45,18,2,1,1,0,0,0,0,1,1,0,0,0,0,0,0,0,1,0,0,0,
47,18,1,1,1,0,0,0,0,1,1,0,0,0,0,0,0,0,1,0,0,0,
49,18,1,1,1,0,0,0,0,1,1,0,0,0,0,0,0,0,1,0,0,0,
50,18,1,1,1,0,0,0,0,1,1,0,0,0,0,0,0,0,1,0,0,0,
51,18,1,1,1,0,0,0,0,1,1,0,0,0,0,0,0,0,1,0,0,0,
61,18,1,1,1,0,0,0,0,1,1,0,0,0,0,0,0,0,1,0,0,0,
64,18,2,1,1,0,0,0,0,1,1,0,0,0,0,0,0,0,1,0,0,0,
69,18,1,1,1,0,0,0,0,1,1,0,0,0,0,0,0,0,1,0,0,0,
74,18,2,1,1,0,0,0,0,1,1,0,0,0,0,0,0,0,1,0,0,0,
97,18,3,1,1,0,0,0,0,1,1,0,0,0,0,0,0,0,1,0,0,0,
2,19,5,1,1,0,0,0,0,0,1,0,0,0,0,0,0,0,1,0,0,0,
7,19,3,1,1,0,0,0,0,0,1,0,0,0,0,0,0,0,1,0,0,0,
8,19,5,1,1,0,0,0,0,0,1,0,0,0,0,0,0,0,1,0,0,0,
15,19,4,1,1,0,0,0,0,0,1,0,0,0,0,0,0,0,1,0,0,0,
21,19,5,1,1,0,0,0,0,0,1,0,0,0,0,0,0,0,1,0,0,0,
23,19,5,1,1,0,0,0,0,0,1,0,0,0,0,0,0,0,1,0,0,0,
25,19,5,1,1,0,0,0,0,0,1,0,0,0,0,0,0,0,1,0,0,0,
32,19,4,1,1,0,0,0,0,0,1,0,0,0,0,0,0,0,1,0,0,0,
35,19,4,1,1,0,0,0,0,0,1,0,0,0,0,0,0,0,1,0,0,0,
40,19,5,1,1,0,0,0,0,0,1,0,0,0,0,0,0,0,1,0,0,0,
44,19,4,1,1,0,0,0,0,0,1,0,0,0,0,0,0,0,1,0,0,0,
45,19,3,1,1,0,0,0,0,0,1,0,0,0,0,0,0,0,1,0,0,0,
48,19,3,1,1,0,0,0,0,0,1,0,0,0,0,0,0,0,1,0,0,0,
52,19,5,1,1,0,0,0,0,0,1,0,0,0,0,0,0,0,1,0,0,0,
61,19,5,1,1,0,0,0,0,0,1,0,0,0,0,0,0,0,1,0,0,0,
74,19,3,1,1,0,0,0,0,0,1,0,0,0,0,0,0,0,1,0,0,0,
84,19,3,1,1,0,0,0,0,0,1,0,0,0,0,0,0,0,1,0,0,0,
86,19,4,1,1,0,0,0,0,0,1,0,0,0,0,0,0,0,1,0,0,0,
91,19,4,1,1,0,0,0,0,0,1,0,0,0,0,0,0,0,1,0,0,0,
94,19,5,1,1,0,0,0,0,0,1,0,0,0,0,0,0,0,1,0,0,0,
97,19,4,1,1,0,0,0,0,0,1,0,0,0,0,0,0,0,1,0,0,0,
5,20,1,1,1,0,0,0,0,0,0,1,1,0,0,0,1,0,0,0,0,1,
11,20,2,1,1,0,0,0,0,0,0,1,1,0,0,0,1,0,0,0,0,1,
19,20,1,1,1,0,0,0,0,0,0,1,1,0,0,0,1,0,0,0,0,1,
24,20,3,1,1,0,0,0,0,0,0,1,1,0,0,0,1,0,0,0,0,1,
30,20,3,1,1,0,0,0,0,0,0,1,1,0,0,0,1,0,0,0,0,1,
36,20,4,1,1,0,0,0,0,0,0,1,1,0,0,0,1,0,0,0,0,1,
37,20,3,1,1,0,0,0,0,0,0,1,1,0,0,0,1,0,0,0,0,1,
40,20,1,1,1,0,0,0,0,0,0,1,1,0,0,0,1,0,0,0,0,1,
41,20,1,1,1,0,0,0,0,0,0,1,1,0,0,0,1,0,0,0,0,1,
49,20,5,1,1,0,0,0,0,0,0,1,1,0,0,0,1,0,0,0,0,1,
57,20,2,1,1,0,0,0,0,0,0,1,1,0,0,0,1,0,0,0,0,1,
58,20,3,1,1,0,0,0,0,0,0,1,1,0,0,0,1,0,0,0,0,1,
61,20,3,1,1,0,0,0,0,0,0,1,1,0,0,0,1,0,0,0,0,1,
65,20,2,1,1,0,0,0,0,0,0,1,1,0,0,0,1,0,0,0,0,1,
71,20,1,1,1,0,0,0,0,0,0,1,1,0,0,0,1,0,0,0,0,1,
76,20,2,1,1,0,0,0,0,0,0,1,1,0,0,0,1,0,0,0,0,1,
77,20,4,1,1,0,0,0,0,0,0,1,1,0,0,0,1,0,0,0,0,1,
79,20,4,1,1,0,0,0,0,0,0,1,1,0,0,0,1,0,0,0,0,1,
82,20,4,1,1,0,0,0,0,0,0,1,1,0,0,0,1,0,0,0,0,1,
84,20,5,1,1,0,0,0,0,0,0,1,1,0,0,0,1,0,0,0,0,1,
87,20,4,1,1,0,0,0,0,0,0,1,1,0,0,0,1,0,0,0,0,1,
93,20,3,1,1,0,0,0,0,0,0,1,1,0,0,0,1,0,0,0,0,1,
96,20,3,1,1,0,0,0,0,0,0,1,1,0,0,0,1,0,0,0,0,1,
97,20,2,1,1,0,0,0,0,0,0,1,1,0,0,0,1,0,0,0,0,1,
4,21,4,0,1,1,0,0,0,0,0,1,1,1,0,0,0,0,0,0,1,0,
8,21,5,0,1,1,0,0,0,0,0,1,1,1,0,0,0,0,0,0,1,0,
15,21,4,0,1,1,0,0,0,0,0,1,1,1,0,0,0,0,0,0,1,0,
19,21,3,0,1,1,0,0,0,0,0,1,1,1,0,0,0,0,0,0,1,0,
21,21,4,0,1,1,0,0,0,0,0,1,1,1,0,0,0,0,0,0,1,0,
36,21,5,0,1,1,0,0,0,0,0,1,1,1,0,0,0,0,0,0,1,0,
37,21,4,0,1,1,0,0,0,0,0,1,1,1,0,0,0,0,0,0,1,0,
38,21,4,0,1,1,0,0,0,0,0,1,1,1,0,0,0,0,0,0,1,0,
41,21,3,0,1,1,0,0,0,0,0,1,1,1,0,0,0,0,0,0,1,0,
45,21,4,0,1,1,0,0,0,0,0,1,1,1,0,0,0,0,0,0,1,0,
47,21,4,0,1,1,0,0,0,0,0,1,1,1,0,0,0,0,0,0,1,0,
51,21,4,0,1,1,0,0,0,0,0,1,1,1,0,0,0,0,0,0,1,0,
52,21,3,0,1,1,0,0,0,0,0,1,1,1,0,0,0,0,0,0,1,0,
62,21,2,0,1,1,0,0,0,0,0,1,1,1,0,0,0,0,0,0,1,0,
66,21,4,0,1,1,0,0,0,0,0,1,1,1,0,0,0,0,0,0,1,0,
68,21,4,0,1,1,0,0,0,0,0,1,1,1,0,0,0,0,0,0,1,0,
70,21,3,0,1,1,0,0,0,0,0,1,1,1,0,0,0,0,0,0,1,0,
75,21,4,0,1,1,0,0,0,0,0,1,1,1,0,0,0,0,0,0,1,0,
87,21,5,0,1,1,0,0,0,0,0,1,1,1,0,0,0,0,0,0,1,0,
91,21,5,0,1,1,0,0,0,0,0,1,1,1,0,0,0,0,0,0,1,0,
94,21,3,0,1,1,0,0,0,0,0,1,1,1,0,0,0,0,0,0,1,0,
99,21,5,0,1,1,0,0,0,0,0,1,1,1,0,0,0,0,0,0,1,0,
10,22,1,0,0,0,0,1,0,0,0,1,0,0,0,0,1,0,0,0,0,0,
15,22,2,0,0,0,0,1,0,0,0,1,0,0,0,0,1,0,0,0,0,0,
23,22,5,0,0,0,0,1,0,0,0,1,0,0,0,0,1,0,0,0,0,0,
26,22,4,0,0,0,0,1,0,0,0,1,0,0,0,0,1,0,0,0,0,0,
29,22,1,0,0,0,0,1,0,0,0,1,0,0,0,0,1,0,0,0,0,0,
47,22,1,0,0,0,0,1,0,0,0,1,0,0,0,0,1,0,0,0,0,0,
49,22,4,0,0,0,0,1,0,0,0,1,0,0,0,0,1,0,0,0,0,0,
51,22,5,0,0,0,0,1,0,0,0,1,0,0,0,0,1,0,0,0,0,0,
53,22,4,0,0,0,0,1,0,0,0,1,0,0,0,0,1,0,0,0,0,0,
54,22,5,0,0,0,0,1,0,0,0,1,0,0,0,0,1,0,0,0,0,0,
57,22,5,0,0,0,0,1,0,0,0,1,0,0,0,0,1,0,0,0,0,0,
66,22,4,0,0,0,0,1,0,0,0,1,0,0,0,0,1,0,0,0,0,0,
67,22,4,0,0,0,0,1,0,0,0,1,0,0,0,0,1,0,0,0,0,0,
69,22,4,0,0,0,0,1,0,0,0,1,0,0,0,0,1,0,0,0,0,0,
72,22,5,0,0,0,0,1,0,0,0,1,0,0,0,0,1,0,0,0,0,0,
75,22,3,0,0,0,0,1,0,0,0,1,0,0,0,0,1,0,0,0,0,0,
81,22,3,0,0,0,0,1,0,0,0,1,0,0,0,0,1,0,0,0,0,0,
87,22,5,0,0,0,0,1,0,0,0,1,0,0,0,0,1,0,0,0,0,0,
89,22,4,0,0,0,0,1,0,0,0,1,0,0,0,0,1,0,0,0,0,0,
91,22,1,0,0,0,0,1,0,0,0,1,0,0,0,0,1,0,0,0,0,0,
7,23,3,0,0,0,0,1,0,0,0,1,0,0,0,0,0,0,0,1,0,1,
9,23,3,0,0,0,0,1,0,0,0,1,0,0,0,0,0,0,0,1,0,1,
13,23,3,0,0,0,0,1,0,0,0,1,0,0,0,0,0,0,0,1,0,1,
15,23,2,0,0,0,0,1,0,0,0,1,0,0,0,0,0,0,0,1,0,1,
20,23,4,0,0,0,0,1,0,0,0,1,0,0,0,0,0,0,0,1,0,1,
24,23,3,0,0,0,0,1,0,0,0,1,0,0,0,0,0,0,0,1,0,1,
25,23,4,0,0,0,0,1,0,0,0,1,0,0,0,0,0,0,0,1,0,1,
27,23,2,0,0,0,0,1,0,0,0,1,0,0,0,0,0,0,0,1,0,1,
28,23,5,0,0,0,0,1,0,0,0,1,0,0,0,0,0,0,0,1,0,1,
32,23,3,0,0,0,0,1,0,0,0,1,0,0,0,0,0,0,0,1,0,1,
35,23,4,0,0,0,0,1,0,0,0,1,0,0,0,0,0,0,0,1,0,1,
45,23,3,0,0,0,0,1,0,0,0,1,0,0,0,0,0,0,0,1,0,1,
47,23,4,0,0,0,0,1,0,0,0,1,0,0,0,0,0,0,0,1,0,1,
49,23,1,0,0,0,0,1,0,0,0,1,0,0,0,0,0,0,0,1,0,1,
52,23,2,0,0,0,0,1,0,0,0,1,0,0,0,0,0,0,0,1,0,1,
55,23,3,0,0,0,0,1,0,0,0,1,0,0,0,0,0,0,0,1,0,1,
56,23,3,0,0,0,0,1,0,0,0,1,0,0,0,0,0,0,0,1,0,1,
62,23,4,0,0,0,0,1,0,0,0,1,0,0,0,0,0,0,0,1,0,1,
70,23,2,0,0,0,0,1,0,0,0,1,0,0,0,0,0,0,0,1,0,1,
71,23,5,0,0,0,0,1,0,0,0,1,0,0,0,0,0,0,0,1,0,1,
73,23,3,0,0,0,0,1,0,0,0,1,0,0,0,0,0,0,0,1,0,1,
76,23,1,0,0,0,0,1,0,0,0,1,0,0,0,0,0,0,0,1,0,1,
81,23,5,0,0,0,0,1,0,0,0,1,0,0,0,0,0,0,0,1,0,1,
84,23,3,0,0,0,0,1,0,0,0,1,0,0,0,0,0,0,0,1,0,1,
90,23,4,0,0,0,0,1,0,0,0,1,0,0,0,0,0,0,0,1,0,1,
95,23,2,0,0,0,0,1,0,0,0,1,0,0,0,0,0,0,0,1,0,1,
1,24,3,0,0,0,0,1,0,0,1,0,0,0,0,0,0,0,0,1,0,0,
10,24,3,0,0,0,0,1,0,0,1,0,0,0,0,0,0,0,0,1,0,0,
12,24,1,0,0,0,0,1,0,0,1,0,0,0,0,0,0,0,0,1,0,0,
19,24,5,0,0,0,0,1,0,0,1,0,0,0,0,0,0,0,0,1,0,0,
21,24,4,0,0,0,0,1,0,0,1,0,0,0,0,0,0,0,0,1,0,0,
30,24,4,0,0,0,0,1,0,0,1,0,0,0,0,0,0,0,0,1,0,0,
31,24,1,0,0,0,0,1,0,0,1,0,0,0,0,0,0,0,0,1,0,0,
38,24,2,0,0,0,0,1,0,0,1,0,0,0,0,0,0,0,0,1,0,0,
44,24,5,0,0,0,0,1,0,0,1,0,0,0,0,0,0,0,0,1,0,0,
56,24,5,0,0,0,0,1,0,0,1,0,0,0,0,0,0,0,0,1,0,0,
63,24,1,0,0,0,0,1,0,0,1,0,0,0,0,0,0,0,0,1,0,0,
65,24,4,0,0,0,0,1,0,0,1,0,0,0,0,0,0,0,0,1,0,0,
66,24,2,0,0,0,0,1,0,0,1,0,0,0,0,0,0,0,0,1,0,0,
67,24,4,0,0,0,0,1,0,0,1,0,0,0,0,0,0,0,0,1,0,0,
69,24,4,0,0,0,0,1,0,0,1,0,0,0,0,0,0,0,0,1,0,0,
77,24,4,0,0,0,0,1,0,0,1,0,0,0,0,0,0,0,0,1,0,0,
95,24,4,0,0,0,0,1,0,0,1,0,0,0,0,0,0,0,0,1,0,0,
96,24,4,0,0,0,0,1,0,0,1,0,0,0,0,0,0,0,0,1,0,0,
1,25,5,0,0,0,0,1,0,0,0,1,0,0,0,0,1,0,0,0,0,0,
4,25,4,0,0,0,0,1,0,0,0,1,0,0,0,0,1,0,0,0,0,0,
12,25,3,0,0,0,0,1,0,0,0,1,0,0,0,0,1,0,0,0,0,0,
14,25,5,0,0,0,0,1,0,0,0,1,0,0,0,0,1,0,0,0,0,0,
38,25,4,0,0,0,0,1,0,0,0,1,0,0,0,0,1,0,0,0,0,0,
41,25,4,0,0,0,0,1,0,0,0,1,0,0,0,0,1,0,0,0,0,0,
48,25,3,0,0,0,0,1,0,0,0,1,0,0,0,0,1,0,0,0,0,0,
52,25,5,0,0,0,0,1,0,0,0,1,0,0,0,0,1,0,0,0,0,0,
54,25,5,0,0,0,0,1,0,0,0,1,0,0,0,0,1,0,0,0,0,0,
56,25,3,0,0,0,0,1,0,0,0,1,0,0,0,0,1,0,0,0,0,0,
59,25,5,0,0,0,0,1,0,0,0,1,0,0,0,0,1,0,0,0,0,0,
67,25,5,0,0,0,0,1,0,0,0,1,0,0,0,0,1,0,0,0,0,0,
81,25,5,0,0,0,0,1,0,0,0,1,0,0,0,0,1,0,0,0,0,0,
84,25,3,0,0,0,0,1,0,0,0,1,0,0,0,0,1,0,0,0,0,0,
85,25,3,0,0,0,0,1,0,0,0,1,0,0,0,0,1,0,0,0,0,0,
87,25,3,0,0,0,0,1,0,0,0,1,0,0,0,0,1,0,0,0,0,0,
89,25,4,0,0,0,0,1,0,0,0,1,0,0,0,0,1,0,0,0,0,0,
90,25,5,0,0,0,0,1,0,0,0,1,0,0,0,0,1,0,0,0,0,0,
92,25,4,0,0,0,0,1,0,0,0,1,0,0,0,0,1,0,0,0,0,0,
13,26,3,0,0,0,0,1,1,0,0,0,0,0,0,0,0,0,0,0,0,0,
17,26,3,0,0,0,0,1,1,0,0,0,0,0,0,0,0,0,0,0,0,0,
23,26,5,0,0,0,0,1,1,0,0,0,0,0,0,0,0,0,0,0,0,0,
24,26,5,0,0,0,0,1,1,0,0,0,0,0,0,0,0,0,0,0,0,0,
29,26,5,0,0,0,0,1,1,0,0,0,0,0,0,0,0,0,0,0,0,0,
31,26,3,0,0,0,0,1,1,0,0,0,0,0,0,0,0,0,0,0,0,0,
34,26,4,0,0,0,0,1,1,0,0,0,0,0,0,0,0,0,0,0,0,0,
35,26,5,0,0,0,0,1,1,0,0,0,0,0,0,0,0,0,0,0,0,0,
40,26,2,0,0,0,0,1,1,0,0,0,0,0,0,0,0,0,0,0,0,0,
50,26,1,0,0,0,0,1,1,0,0,0,0,0,0,0,0,0,0,0,0,0,
52,26,4,0,0,0,0,1,1,0,0,0,0,0,0,0,0,0,0,0,0,0,
55,26,5,0,0,0,0,1,1,0,0,0,0,0,0,0,0,0,0,0,0,0,
57,26,3,0,0,0,0,1,1,0,0,0,0,0,0,0,0,0,0,0,0,0,
88,26,5,0,0,0,0,1,1,0,0,0,0,0,0,0,0,0,0,0,0,0,
5,27,2,1,1,0,0,0,0,0,0,1,0,0,0,0,0,0,0,1,0,0,
10,27,1,1,1,0,0,0,0,0,0,1,0,0,0,0,0,0,0,1,0,0,
16,27,4,1,1,0,0,0,0,0,0,1,0,0,0,0,0,0,0,1,0,0,
17,27,3,1,1,0,0,0,0,0,0,1,0,0,0,0,0,0,0,1,0,0,
19,27,2,1,1,0,0,0,0,0,0,1,0,0,0,0,0,0,0,1,0,0,
20,27,1,1,1,0,0,0,0,0,0,1,0,0,0,0,0,0,0,1,0,0,
27,27,4,1,1,0,0,0,0,0,0,1,0,0,0,0,0,0,0,1,0,0,
28,27,3,1,1,0,0,0,0,0,0,1,0,0,0,0,0,0,0,1,0,0,
31,27,2,1,1,0,0,0,0,0,0,1,0,0,0,0,0,0,0,1,0,0,
36,27,1,1,1,0,0,0,0,0,0,1,0,0,0,0,0,0,0,1,0,0,
47,27,4,1,1,0,0,0,0,0,0,1,0,0,0,0,0,0,0,1,0,0,
49,27,3,1,1,0,0,0,0,0,0,1,0,0,0,0,0,0,0,1,0,0,
59,27,1,1,1,0,0,0,0,0,0,1,0,0,0,0,0,0,0,1,0,0,
64,27,2,1,1,0,0,0,0,0,0,1,0,0,0,0,0,0,0,1,0,0,
65,27,1,1,1,0,0,0,0,0,0,1,0,0,0,0,0,0,0,1,0,0,
66,27,3,1,1,0,0,0,0,0,0,1,0,0,0,0,0,0,0,1,0,0,
75,27,3,1,1,0,0,0,0,0,0,1,0,0,0,0,0,0,0,1,0,0,
86,27,3,1,1,0,0,0,0,0,0,1,0,0,0,0,0,0,0,1,0,0,
87,27,5,1,1,0,0,0,0,0,0,1,0,0,0,0,0,0,0,1,0,0,
88,27,2,1,1,0,0,0,0,0,0,1,0,0,0,0,0,0,0,1,0,0,
90,27,2,1,1,0,0,0,0,0,0,1,0,0,0,0,0,0,0,1,0,0,
94,27,1,1,1,0,0,0,0,0,0,1,0,0,0,0,0,0,0,1,0,0,
96,27,1,1,1,0,0,0,0,0,0,1,0,0,0,0,0,0,0,1,0,0,
99,27,5,1,1,0,0,0,0,0,0,1,0,0,0,0,0,0,0,1,0,0,
12,28,4,1,1,0,0,0,0,0,1,0,0,0,0,0,0,0,0,0,0,0,
15,28,4,1,1,0,0,0,0,0,1,0,0,0,0,0,0,0,0,0,0,0,
22,28,3,1,1,0,0,0,0,0,1,0,0,0,0,0,0,0,0,0,0,0,
30,28,4,1,1,0,0,0,0,0,1,0,0,0,0,0,0,0,0,0,0,0,
38,28,4,1,1,0,0,0,0,0,1,0,0,0,0,0,0,0,0,0,0,0,
44,28,5,1,1,0,0,0,0,0,1,0,0,0,0,0,0,0,0,0,0,0,
45,28,4,1,1,0,0,0,0,0,1,0,0,0,0,0,0,0,0,0,0,0,
48,28,4,1,1,0,0,0,0,0,1,0,0,0,0,0,0,0,0,0,0,0,
69,28,3,1,1,0,0,0,0,0,1,0,0,0,0,0,0,0,0,0,0,0,
72,28,1,1,1,0,0,0,0,0,1,0,0,0,0,0,0,0,0,0,0,0,
84,28,3,1,1,0,0,0,0,0,1,0,0,0,0,0,0,0,0,0,0,0,
88,28,4,1,1,0,0,0,0,0,1,0,0,0,0,0,0,0,0,0,0,0,
94,28,4,1,1,0,0,0,0,0,1,0,0,0,0,0,0,0,0,0,0,0,
2,29,2,1,1,0,0,0,0,0,1,0,0,0,0,0,0,0,0,0,0,0,
13,29,1,1,1,0,0,0,0,0,1,0,0,0,0,0,0,0,0,0,0,0,
21,29,3,1,1,0,0,0,0,0,1,0,0,0,0,0,0,0,0,0,0,0,
24,29,1,1,1,0,0,0,0,0,1,0,0,0,0,0,0,0,0,0,0,0,
26,29,1,1,1,0,0,0,0,0,1,0,0,0,0,0,0,0,0,0,0,0,
32,29,5,1,1,0,0,0,0,0,1,0,0,0,0,0,0,0,0,0,0,0,
41,29,4,1,1,0,0,0,0,0,1,0,0,0,0,0,0,0,0,0,0,0,
52,29,1,1,1,0,0,0,0,0,1,0,0,0,0,0,0,0,0,0,0,0,
53,29,3,1,1,0,0,0,0,0,1,0,0,0,0,0,0,0,0,0,0,0,
61,29,5,1,1,0,0,0,0,0,1,0,0,0,0,0,0,0,0,0,0,0,
68,29,4,1,1,0,0,0,0,0,1,0,0,0,0,0,0,0,0,0,0,0,
72,29,2,1,1,0,0,0,0,0,1,0,0,0,0,0,0,0,0,0,0,0,
75,29,2,1,1,0,0,0,0,0,1,0,0,0,0,0,0,0,0,0,0,0,
78,29,3,1,1,0,0,0,0,0,1,0,0,0,0,0,0,0,0,0,0,0,
81,29,5,1,1,0,0,0,0,0,1,0,0,0,0,0,0,0,0,0,0,0,
89,29,2,1,1,0,0,0,0,0,1,0,0,0,0,0,0,0,0,0,0,0,
97,29,5,1,1,0,0,0,0,0,1,0,0,0,0,0,0,0,0,0,0,0,
11,30,2,0,0,0,0,1,0,0,1,0,0,0,0,0,0,0,0,0,0,0,
12,30,5,0,0,0,0,1,0,0,1,0,0,0,0,0,0,0,0,0,0,0,
13,30,3,0,0,0,0,1,0,0,1,0,0,0,0,0,0,0,0,0,0,0,
21,30,5,0,0,0,0,1,0,0,1,0,0,0,0,0,0,0,0,0,0,0,
24,30,3,0,0,0,0,1,0,0,1,0,0,0,0,0,0,0,0,0,0,0,
36,30,1,0,0,0,0,1,0,0,1,0,0,0,0,0,0,0,0,0,0,0,
40,30,1,0,0,0,0,1,0,0,1,0,0,0,0,0,0,0,0,0,0,0,
41,30,3,0,0,0,0,1,0,0,1,0,0,0,0,0,0,0,0,0,0,0,
45,30,3,0,0,0,0,1,0,0,1,0,0,0,0,0,0,0,0,0,0,0,
46,30,3,0,0,0,0,1,0,0,1,0,0,0,0,0,0,0,0,0,0,0,
50,30,4,0,0,0,0,1,0,0,1,0,0,0,0,0,0,0,0,0,0,0,
58,30,3,0,0,0,0,1,0,0,1,0,0,0,0,0,0,0,0,0,0,0,
60,30,5,0,0,0,0,1,0,0,1,0,0,0,0,0,0,0,0,0,0,0,
70,30,1,0,0,0,0,1,0,0,1,0,0,0,0,0,0,0,0,0,0,0,
81,30,5,0,0,0,0,1,0,0,1,0,0,0,0,0,0,0,0,0,0,0,
84,30,5,0,0,0,0,1,0,0,1,0,0,0,0,0,0,0,0,0,0,0,
91,30,5,0,0,0,0,1,0,0,1,0,0,0,0,0,0,0,0,0,0,0,
94,30,5,0,0,0,0,1,0,0,1,0,0,0,0,0,0,0,0,0,0,0,
99,30,5,0,0,0,0,1,0,0,1,0,0,0,0,0,0,0,0,0,0,0,
4,31,2,0,1,1,0,0,0,0,0,0,1,0,0,0,0,0,0,0,0,0,
15,31,3,0,1,1,0,0,0,0,0,0,1,0,0,0,0,0,0,0,0,0,
19,31,1,0,1,1,0,0,0,0,0,0,1,0,0,0,0,0,0,0,0,0,
30,31,1,0,1,1,0,0,0,0,0,0,1,0,0,0,0,0,0,0,0,0,
42,31,3,0,1,1,0,0,0,0,0,0,1,0,0,0,0,0,0,0,0,0,
46,31,1,0,1,1,0,0,0,0,0,0,1,0,0,0,0,0,0,0,0,0,
49,31,3,0,1,1,0,0,0,0,0,0,1,0,0,0,0,0,0,0,0,0,
54,31,4,0,1,1,0,0,0,0,0,0,1,0,0,0,0,0,0,0,0,0,
57,31,1,0,1,1,0,0,0,0,0,0,1,0,0,0,0,0,0,0,0,0,
69,31,1,0,1,1,0,0,0,0,0,0,1,0,0,0,0,0,0,0,0,0,
79,31,2,0,1,1,0,0,0,0,0,0,1,0,0,0,0,0,0,0,0,0,
81,31,1,0,1,1,0,0,0,0,0,0,1,0,0,0,0,0,0,0,0,0,
84,31,4,0,1,1,0,0,0,0,0,0,1,0,0,0,0,0,0,0,0,0,
88,31,3,0,1,1,0,0,0,0,0,0,1,0,0,0,0,0,0,0,0,0,
90,31,2,0,1,1,0,0,0,0,0,0,1,0,0,0,0,0,0,0,0,0,
97,31,3,0,1,1,0,0,0,0,0,0,1,0,0,0,0,0,0,0,0,0,
6,32,4,1,1,0,0,0,0,0,0,0,1,0,0,0,0,0,0,0,0,0,
8,32,1,1,1,0,0,0,0,0,0,0,1,0,0,0,0,0,0,0,0,0,
15,32,5,1,1,0,0,0,0,0,0,0,1,0,0,0,0,0,0,0,0,0,
16,32,4,1,1,0,0,0,0,0,0,0,1,0,0,0,0,0,0,0,0,0,
27,32,3,1,1,0,0,0,0,0,0,0,1,0,0,0,0,0,0,0,0,0,
34,32,4,1,1,0,0,0,0,0,0,0,1,0,0,0,0,0,0,0,0,0,
36,32,3,1,1,0,0,0,0,0,0,0,1,0,0,0,0,0,0,0,0,0,
52,32,3,1,1,0,0,0,0,0,0,0,1,0,0,0,0,0,0,0,0,0,
57,32,4,1,1,0,0,0,0,0,0,0,1,0,0,0,0,0,0,0,0,0,
59,32,5,1,1,0,0,0,0,0,0,0,1,0,0,0,0,0,0,0,0,0,
63,32,4,1,1,0,0,0,0,0,0,0,1,0,0,0,0,0,0,0,0,0,
73,32,5,1,1,0,0,0,0,0,0,0,1,0,0,0,0,0,0,0,0,0,
99,32,3,1,1,0,0,0,0,0,0,0,1,0,0,0,0,0,0,0,0,0,
4,33,2,1,1,0,0,0,0,0,0,0,1,0,0,0,0,0,0,0,0,0,
21,33,1,1,1,0,0,0,0,0,0,0,1,0,0,0,0,0,0,0,0,0,
36,33,2,1,1,0,0,0,0,0,0,0,1,0,0,0,0,0,0,0,0,0,
37,33,4,1,1,0,0,0,0,0,0,0,1,0,0,0,0,0,0,0,0,0,
40,33,1,1,1,0,0,0,0,0,0,0,1,0,0,0,0,0,0,0,0,0,
42,33,2,1,1,0,0,0,0,0,0,0,1,0,0,0,0,0,0,0,0,0,
47,33,3,1,1,0,0,0,0,0,0,0,1,0,0,0,0,0,0,0,0,0,
67,33,3,1,1,0,0,0,0,0,0,0,1,0,0,0,0,0,0,0,0,0,
74,33,4,1,1,0,0,0,0,0,0,0,1,0,0,0,0,0,0,0,0,0,
77,33,1,1,1,0,0,0,0,0,0,0,1,0,0,0,0,0,0,0,0,0,
86,33,2,1,1,0,0,0,0,0,0,0,1,0,0,0,0,0,0,0,0,0,
89,33,1,1,1,0,0,0,0,0,0,0,1,0,0,0,0,0,0,0,0,0,
90,33,3,1,1,0,0,0,0,0,0,0,1,0,0,0,0,0,0,0,0,0,
1,34,1,1,1,0,0,0,0,0,0,0,1,0,0,0,0,0,0,0,0,0,
3,34,5,1,1,0,0,0,0,0,0,0,1,0,0,0,0,0,0,0,0,0,
19,34,5,1,1,0,0,0,0,0,0,0,1,0,0,0,0,0,0,0,0,0,
20,34,4,1,1,0,0,0,0,0,0,0,1,0,0,0,0,0,0,0,0,0,
22,34,3,1,1,0,0,0,0,0,0,0,1,0,0,0,0,0,0,0,0,0,
25,34,3,1,1,0,0,0,0,0,0,0,1,0,0,0,0,0,0,0,0,0,
42,34,4,1,1,0,0,0,0,0,0,0,1,0,0,0,0,0,0,0,0,0,
43,34,4,1,1,0,0,0,0,0,0,0,1,0,0,0,0,0,0,0,0,0,
45,34,3,1,1,0,0,0,0,0,0,0,1,0,0,0,0,0,0,0,0,0,
51,34,3,1,1,0,0,0,0,0,0,0,1,0,0,0,0,0,0,0,0,0,
53,34,3,1,1,0,0,0,0,0,0,0,1,0,0,0,0,0,0,0,0,0,
54,34,5,1,1,0,0,0,0,0,0,0,1,0,0,0,0,0,0,0,0,0,
61,34,1,1,1,0,0,0,0,0,0,0,1,0,0,0,0,0,0,0,0,0,
62,34,2,1,1,0,0,0,0,0,0,0,1,0,0,0,0,0,0,0,0,0,
72,34,4,1,1,0,0,0,0,0,0,0,1,0,0,0,0,0,0,0,0,0,
73,34,2,1,1,0,0,0,0,0,0,0,1,0,0,0,0,0,0,0,0,0,
78,34,2,1,1,0,0,0,0,0,0,0,1,0,0,0,0,0,0,0,0,0,
86,34,3,1,1,0,0,0,0,0,0,0,1,0,0,0,0,0,0,0,0,0,
95,34,3,1,1,0,0,0,0,0,0,0,1,0,0,0,0,0,0,0,0,0,
97,34,5,1,1,0,0,0,0,0,0,0,1,0,0,0,0,0,0,0,0,0,
99,34,5,1,1,0,0,0,0,0,0,0,1,0,0,0,0,0,0,0,0,0,
1,35,3,0,1,1,0,0,0,0,0,0,1,0,0,0,0,0,0,0,0,0,
5,35,2,0,1,1,0,0,0,0,0,0,1,0,0,0,0,0,0,0,0,0,
15,35,2,0,1,1,0,0,0,0,0,0,1,0,0,0,0,0,0,0,0,0,
19,35,4,0,1,1,0,0,0,0,0,0,1,0,0,0,0,0,0,0,0,0,
23,35,1,0,1,1,0,0,0,0,0,0,1,0,0,0,0,0,0,0,0,0,
25,35,1,0,1,1,0,0,0,0,0,0,1,0,0,0,0,0,0,0,0,0,
39,35,1,0,1,1,0,0,0,0,0,0,1,0,0,0,0,0,0,0,0,0,
48,35,1,0,1,1,0,0,0,0,0,0,1,0,0,0,0,0,0,0,0,0,
49,35,1,0,1,1,0,0,0,0,0,0,1,0,0,0,0,0,0,0,0,0,
50,35,3,0,1,1,0,0,0,0,0,0,1,0,0,0,0,0,0,0,0,0,
56,35,4,0,1,1,0,0,0,0,0,0,1,0,0,0,0,0,0,0,0,0,
62,35,1,0,1,1,0,0,0,0,0,0,1,0,0,0,0,0,0,0,0,0,
73,35,1,0,1,1,0,0,0,0,0,0,1,0,0,0,0,0,0,0,0,0,
80,35,1,0,1,1,0,0,0,0,0,0,1,0,0,0,0,0,0,0,0,0,
86,35,4,0,1,1,0,0,0,0,0,0,1,0,0,0,0,0,0,0,0,0,
89,35,4,0,1,1,0,0,0,0,0,0,1,0,0,0,0,0,0,0,0,0,
96,35,4,0,1,1,0,0,0,0,0,0,1,0,0,0,0,0,0,0,0,0,
1,36,3,1,1,0,0,0,0,0,0,0,1,0,0,0,0,0,0,0,0,0,
8,36,2,1,1,0,0,0,0,0,0,0,1,0,0,0,0,0,0,0,0,0,
18,36,5,1,1,0,0,0,0,0,0,0,1,0,0,0,0,0,0,0,0,0,
36,36,5,1,1,0,0,0,0,0,0,0,1,0,0,0,0,0,0,0,0,0,
41,36,5,1,1,0,0,0,0,0,0,0,1,0,0,0,0,0,0,0,0,0,
51,36,4,1,1,0,0,0,0,0,0,0,1,0,0,0,0,0,0,0,0,0,
56,36,2,1,1,0,0,0,0,0,0,0,1,0,0,0,0,0,0,0,0,0,
59,36,3,1,1,0,0,0,0,0,0,0,1,0,0,0,0,0,0,0,0,0,
66,36,1,1,1,0,0,0,0,0,0,0,1,0,0,0,0,0,0,0,0,0,
78,36,5,1,1,0,0,0,0,0,0,0,1,0,0,0,0,0,0,0,0,0,
81,36,4,1,1,0,0,0,0,0,0,0,1,0,0,0,0,0,0,0,0,0,
100,36,3,1,1,0,0,0,0,0,0,0,1,0,0,0,0,0,0,0,0,0,
29,37,3,1,1,0,0,0,0,0,0,0,1,0,0,0,0,0,0,0,0,0,
33,37,4,1,1,0,0,0,0,0,0,0,1,0,0,0,0,0,0,0,0,0,
36,37,5,1,1,0,0,0,0,0,0,0,1,0,0,0,0,0,0,0,0,0,
41,37,5,1,1,0,0,0,0,0,0,0,1,0,0,0,0,0,0,0,0,0,
45,37,3,1,1,0,0,0,0,0,0,0,1,0,0,0,0,0,0,0,0,0,
52,37,5,1,1,0,0,0,0,0,0,0,1,0,0,0,0,0,0,0,0,0,
53,37,5,1,1,0,0,0,0,0,0,0,1,0,0,0,0,0,0,0,0,0,
54,37,4,1,1,0,0,0,0,0,0,0,1,0,0,0,0,0,0,0,0,0,
76,37,2,1,1,0,0,0,0,0,0,0,1,0,0,0,0,0,0,0,0,0,
78,37,3,1,1,0,0,0,0,0,0,0,1,0,0,0,0,0,0,0,0,0,
84,37,5,1,1,0,0,0,0,0,0,0,1,0,0,0,0,0,0,0,0,0,
85,37,3,1,1,0,0,0,0,0,0,0,1,0,0,0,0,0,0,0,0,0,
9,38,5,1,1,0,0,0,0,0,0,0,1,0,0,0,0,0,0,0,0,0,
10,38,3,1,1,0,0,0,0,0,0,0,1,0,0,0,0,0,0,0,0,0,
25,38,1,1,1,0,0,0,0,0,0,0,1,0,0,0,0,0,0,0,0,0,
32,38,2,1,1,0,0,0,0,0,0,0,1,0,0,0,0,0,0,0,0,0,
37,38,1,1,1,0,0,0,0,0,0,0,1,0,0,0,0,0,0,0,0,0,
46,38,1,1,1,0,0,0,0,0,0,0,1,0,0,0,0,0,0,0,0,0,
50,38,1,1,1,0,0,0,0,0,0,0,1,0,0,0,0,0,0,0,0,0,
53,38,1,1,1,0,0,0,0,0,0,0,1,0,0,0,0,0,0,0,0,0,
60,38,5,1,1,0,0,0,0,0,0,0,1,0,0,0,0,0,0,0,0,0,
61,38,1,1,1,0,0,0,0,0,0,0,1,0,0,0,0,0,0,0,0,0,
63,38,3,1,1,0,0,0,0,0,0,0,1,0,0,0,0,0,0,0,0,0,
67,38,4,1,1,0,0,0,0,0,0,0,1,0,0,0,0,0,0,0,0,0,
71,38,2,1,1,0,0,0,0,0,0,0,1,0,0,0,0,0,0,0,0,0,
76,38,2,1,1,0,0,0,0,0,0,0,1,0,0,0,0,0,0,0,0,0,
83,38,4,1,1,0,0,0,0,0,0,0,1,0,0,0,0,0,0,0,0,0,
88,38,3,1,1,0,0,0,0,0,0,0,1,0,0,0,0,0,0,0,0,0,
100,38,4,1,1,0,0,0,0,0,0,0,1,0,0,0,0,0,0,0,0,0,
10,39,3,1,1,0,0,0,0,0,0,0,1,0,0,0,0,0,0,0,0,0,
12,39,2,1,1,0,0,0,0,0,0,0,1,0,0,0,0,0,0,0,0,0,
26,39,4,1,1,0,0,0,0,0,0,0,1,0,0,0,0,0,0,0,0,0,
42,39,2,1,1,0,0,0,0,0,0,0,1,0,0,0,0,0,0,0,0,0,
43,39,2,1,1,0,0,0,0,0,0,0,1,0,0,0,0,0,0,0,0,0,
44,39,2,1,1,0,0,0,0,0,0,0,1,0,0,0,0,0,0,0,0,0,
47,39,2,1,1,0,0,0,0,0,0,0,1,0,0,0,0,0,0,0,0,0,
48,39,3,1,1,0,0,0,0,0,0,0,1,0,0,0,0,0,0,0,0,0,
60,39,5,1,1,0,0,0,0,0,0,0,1,0,0,0,0,0,0,0,0,0,
62,39,4,1,1,0,0,0,0,0,0,0,1,0,0,0,0,0,0,0,0,0,
63,39,1,1,1,0,0,0,0,0,0,0,1,0,0,0,0,0,0,0,0,0,
68,39,3,1,1,0,0,0,0,0,0,0,1,0,0,0,0,0,0,0,0,0,
73,39,4,1,1,0,0,0,0,0,0,0,1,0,0,0,0,0,0,0,0,0,
78,39,5,1,1,0,0,0,0,0,0,0,1,0,0,0,0,0,0,0,0,0,
79,39,3,1,1,0,0,0,0,0,0,0,1,0,0,0,0,0,0,0,0,0,
81,39,4,1,1,0,0,0,0,0,0,0,1,0,0,0,0,0,0,0,0,0,
82,39,3,1,1,0,0,0,0,0,0,0,1,0,0,0,0,0,0,0,0,0,
84,39,3,1,1,0,0,0,0,0,0,0,1,0,0,0,0,0,0,0,0,0,
90,39,3,1,1,0,0,0,0,0,0,0,1,0,0,0,0,0,0,0,0,0,
3,40,3,1,1,0,0,0,0,0,0,0,1,0,0,0,0,0,0,0,0,0,
4,40,3,1,1,0,0,0,0,0,0,0,1,0,0,0,0,0,0,0,0,0,
17,40,3,1,1,0,0,0,0,0,0,0,1,0,0,0,0,0,0,0,0,0,
19,40,4,1,1,0,0,0,0,0,0,0,1,0,0,0,0,0,0,0,0,0,
23,40,3,1,1,0,0,0,0,0,0,0,1,0,0,0,0,0,0,0,0,0,
24,40,2,1,1,0,0,0,0,0,0,0,1,0,0,0,0,0,0,0,0,0,
25,40,3,1,1,0,0,0,0,0,0,0,1,0,0,0,0,0,0,0,0,0,
28,40,2,1,1,0,0,0,0,0,0,0,1,0,0,0,0,0,0,0,0,0,
35,40,2,1,1,0,0,0,0,0,0,0,1,0,0,0,0,0,0,0,0,0,
45,40,4,1,1,0,0,0,0,0,0,0,1,0,0,0,0,0,0,0,0,0,
53,40,1,1,1,0,0,0,0,0,0,0,1,0,0,0,0,0,0,0,0,0,
54,40,3,1,1,0,0,0,0,0,0,0,1,0,0,0,0,0,0,0,0,0,
70,40,5,1,1,0,0,0,0,0,0,0,1,0,0,0,0,0,0,0,0,0,
77,40,4,1,1,0,0,0,0,0,0,0,1,0,0,0,0,0,0,0,0,0,
81,40,3,1,1,0,0,0,0,0,0,0,1,0,0,0,0,0,0,0,0,0,
89,40,3,1,1,0,0,0,0,0,0,0,1,0,0,0,0,0,0,0,0,0,
1,41,3,0,0,0,1,1,0,0,0,0,0,1,1,0,0,1,0,0,1,0,
11,41,3,0,0,0,1,1,0,0,0,0,0,1,1,0,0,1,0,0,1,0,
16,41,4,0,0,0,1,1,0,0,0,0,0,1,1,0,0,1,0,0,1,0,
18,41,5,0,0,0,1,1,0,0,0,0,0,1,1,0,0,1,0,0,1,0,
23,41,5,0,0,0,1,1,0,0,0,0,0,1,1,0,0,1,0,0,1,0,
28,41,5,0,0,0,1,1,0,0,0,0,0,1,1,0,0,1,0,0,1,0,
31,41,5,0,0,0,1,1,0,0,0,0,0,1,1,0,0,1,0,0,1,0,
51,41,3,0,0,0,1,1,0,0,0,0,0,1,1,0,0,1,0,0,1,0,
53,41,3,0,0,0,1,1,0,0,0,0,0,1,1,0,0,1,0,0,1,0,
55,41,5,0,0,0,1,1,0,0,0,0,0,1,1,0,0,1,0,0,1,0,
66,41,4,0,0,0,1,1,0,0,0,0,0,1,1,0,0,1,0,0,1,0,
70,41,3,0,0,0,1,1,0,0,0,0,0,1,1,0,0,1,0,0,1,0,
79,41,3,0,0,0,1,1,0,0,0,0,0,1,1,0,0,1,0,0,1,0,
80,41,4,0,0,0,1,1,0,0,0,0,0,1,1,0,0,1,0,0,1,0,
82,41,5,0,0,0,1,1,0,0,0,0,0,1,1,0,0,1,0,0,1,0,
83,41,3,0,0,0,1,1,0,0,0,0,0,1,1,0,0,1,0,0,1,0,
84,41,3,0,0,0,1,1,0,0,0,0,0,1,1,0,0,1,0,0,1,0,
89,41,5,0,0,0,1,1,0,0,0,0,0,1,1,0,0,1,0,0,1,0,
95,41,5,0,0,0,1,1,0,0,0,0,0,1,1,0,0,1,0,0,1,0,
1,42,3,0,0,0,1,1,0,0,0,0,0,1,0,0,0,1,0,0,1,0,
5,42,4,0,0,0,1,1,0,0,0,0,0,1,0,0,0,1,0,0,1,0,
10,42,4,0,0,0,1,1,0,0,0,0,0,1,0,0,0,1,0,0,1,0,
14,42,1,0,0,0,1,1,0,0,0,0,0,1,0,0,0,1,0,0,1,0,
21,42,1,0,0,0,1,1,0,0,0,0,0,1,0,0,0,1,0,0,1,0,
28,42,2,0,0,0,1,1,0,0,0,0,0,1,0,0,0,1,0,0,1,0,
50,42,4,0,0,0,1,1,0,0,0,0,0,1,0,0,0,1,0,0,1,0,
55,42,2,0,0,0,1,1,0,0,0,0,0,1,0,0,0,1,0,0,1,0,
58,42,4,0,0,0,1,1,0,0,0,0,0,1,0,0,0,1,0,0,1,0,
59,42,2,0,0,0,1,1,0,0,0,0,0,1,0,0,0,1,0,0,1,0,
65,42,2,0,0,0,1,1,0,0,0,0,0,1,0,0,0,1,0,0,1,0,
77,42,2,0,0,0,1,1,0,0,0,0,0,1,0,0,0,1,0,0,1,0,
78,42,2,0,0,0,1,1,0,0,0,0,0,1,0,0,0,1,0,0,1,0,
85,42,3,0,0,0,1,1,0,0,0,0,0,1,0,0,0,1,0,0,1,0,
87,42,4,0,0,0,1,1,0,0,0,0,0,1,0,0,0,1,0,0,1,0,
93,42,4,0,0,0,1,1,0,0,0,0,0,1,0,0,0,1,0,0,1,0,
97,42,1,0,0,0,1,1,0,0,0,0,0,1,0,0,0,1,0,0,1,0,
99,42,2,0,0,0,1,1,0,0,0,0,0,1,0,0,0,1,0,0,1,0,
1,43,2,0,0,0,0,1,0,0,0,0,0,1,1,0,0,0,0,1,1,0,
2,43,3,0,0,0,0,1,0,0,0,0,0,1,1,0,0,0,0,1,1,0,
5,43,2,0,0,0,0,1,0,0,0,0,0,1,1,0,0,0,0,1,1,0,
12,43,2,0,0,0,0,1,0,0,0,0,0,1,1,0,0,0,0,1,1,0,
19,43,4,0,0,0,0,1,0,0,0,0,0,1,1,0,0,0,0,1,1,0,
25,43,5,0,0,0,0,1,0,0,0,0,0,1,1,0,0,0,0,1,1,0,
37,43,5,0,0,0,0,1,0,0,0,0,0,1,1,0,0,0,0,1,1,0,
40,43,4,0,0,0,0,1,0,0,0,0,0,1,1,0,0,0,0,1,1,0,
41,43,1,0,0,0,0,1,0,0,0,0,0,1,1,0,0,0,0,1,1,0,
42,43,3,0,0,0,0,1,0,0,0,0,0,1,1,0,0,0,0,1,1,0,
43,43,4,0,0,0,0,1,0,0,0,0,0,1,1,0,0,0,0,1,1,0,
44,43,4,0,0,0,0,1,0,0,0,0,0,1,1,0,0,0,0,1,1,0,
52,43,1,0,0,0,0,1,0,0,0,0,0,1,1,0,0,0,0,1,1,0,
56,43,4,0,0,0,0,1,0,0,0,0,0,1,1,0,0,0,0,1,1,0,
59,43,4,0,0,0,0,1,0,0,0,0,0,1,1,0,0,0,0,1,1,0,
68,43,1,0,0,0,0,1,0,0,0,0,0,1,1,0,0,0,0,1,1,0,
71,43,5,0,0,0,0,1,0,0,0,0,0,1,1,0,0,0,0,1,1,0,
74,43,5,0,0,0,0,1,0,0,0,0,0,1,1,0,0,0,0,1,1,0,
81,43,4,0,0,0,0,1,0,0,0,0,0,1,1,0,0,0,0,1,1,0,
85,43,4,0,0,0,0,1,0,0,0,0,0,1,1,0,0,0,0,1,1,0,
93,43,4,0,0,0,0,1,0,0,0,0,0,1,1,0,0,0,0,1,1,0,
94,43,4,0,0,0,0,1,0,0,0,0,0,1,1,0,0,0,0,1,1,0,
98,43,2,0,0,0,0,1,0,0,0,0,0,1,1,0,0,0,0,1,1,0,
6,44,5,0,0,0,0,1,0,0,0,0,0,1,1,0,0,0,0,0,1,0,
17,44,3,0,0,0,0,1,0,0,0,0,0,1,1,0,0,0,0,0,1,0,
23,44,5,0,0,0,0,1,0,0,0,0,0,1,1,0,0,0,0,0,1,0,
24,44,4,0,0,0,0,1,0,0,0,0,0,1,1,0,0,0,0,0,1,0,
43,44,4,0,0,0,0,1,0,0,0,0,0,1,1,0,0,0,0,0,1,0,
57,44,4,0,0,0,0,1,0,0,0,0,0,1,1,0,0,0,0,0,1,0,
58,44,4,0,0,0,0,1,0,0,0,0,0,1,1,0,0,0,0,0,1,0,
61,44,3,0,0,0,0,1,0,0,0,0,0,1,1,0,0,0,0,0,1,0,
62,44,4,0,0,0,0,1,0,0,0,0,0,1,1,0,0,0,0,0,1,0,
64,44,2,0,0,0,0,1,0,0,0,0,0,1,1,0,0,0,0,0,1,0,
73,44,3,0,0,0,0,1,0,0,0,0,0,1,1,0,0,0,0,0,1,0,
74,44,5,0,0,0,0,1,0,0,0,0,0,1,1,0,0,0,0,0,1,0,
77,44,3,0,0,0,0,1,0,0,0,0,0,1,1,0,0,0,0,0,1,0,
79,44,4,0,0,0,0,1,0,0,0,0,0,1,1,0,0,0,0,0,1,0,
85,44,5,0,0,0,0,1,0,0,0,0,0,1,1,0,0,0,0,0,1,0,
93,44,5,0,0,0,0,1,0,0,0,0,0,1,1,0,0,0,0,0,1,0,
96,44,1,0,0,0,0,1,0,0,0,0,0,1,1,0,0,0,0,0,1,0,
100,44,5,0,0,0,0,1,0,0,0,0,0,1,1,0,0,0,0,0,1,0,
2,45,4,0,0,0,1,1,0,0,0,0,0,1,1,0,0,0,0,0,1,0,
3,45,5,0,0,0,1,1,0,0,0,0,0,1,1,0,0,0,0,0,1,0,
4,45,5,0,0,0,1,1,0,0,0,0,0,1,1,0,0,0,0,0,1,0,
5,45,5,0,0,0,1,1,0,0,0,0,0,1,1,0,0,0,0,0,1,0,
8,45,3,0,0,0,1,1,0,0,0,0,0,1,1,0,0,0,0,0,1,0,
11,45,3,0,0,0,1,1,0,0,0,0,0,1,1,0,0,0,0,0,1,0,
13,45,1,0,0,0,1,1,0,0,0,0,0,1,1,0,0,0,0,0,1,0,
23,45,5,0,0,0,1,1,0,0,0,0,0,1,1,0,0,0,0,0,1,0,
26,45,3,0,0,0,1,1,0,0,0,0,0,1,1,0,0,0,0,0,1,0,
31,45,5,0,0,0,1,1,0,0,0,0,0,1,1,0,0,0,0,0,1,0,
37,45,5,0,0,0,1,1,0,0,0,0,0,1,1,0,0,0,0,0,1,0,
38,45,4,0,0,0,1,1,0,0,0,0,0,1,1,0,0,0,0,0,1,0,
40,45,5,0,0,0,1,1,0,0,0,0,0,1,1,0,0,0,0,0,1,0,
61,45,4,0,0,0,1,1,0,0,0,0,0,1,1,0,0,0,0,0,1,0,
63,45,5,0,0,0,1,1,0,0,0,0,0,1,1,0,0,0,0,0,1,0,
81,45,3,0,0,0,1,1,0,0,0,0,0,1,1,0,0,0,0,0,1,0,
84,45,5,0,0,0,1,1,0,0,0,0,0,1,1,0,0,0,0,0,1,0,
94,45,3,0,0,0,1,1,0,0,0,0,0,1,1,0,0,0,0,0,1,0,
10,46,3,1,1,0,0,0,0,0,1,0,0,0,0,0,0,0,0,0,0,0,
13,46,3,1,1,0,0,0,0,0,1,0,0,0,0,0,0,0,0,0,0,0,
18,46,5,1,1,0,0,0,0,0,1,0,0,0,0,0,0,0,0,0,0,0,
23,46,4,1,1,0,0,0,0,0,1,0,0,0,0,0,0,0,0,0,0,0,
25,46,4,1,1,0,0,0,0,0,1,0,0,0,0,0,0,0,0,0,0,0,
31,46,5,1,1,0,0,0,0,0,1,0,0,0,0,0,0,0,0,0,0,0,
36,46,4,1,1,0,0,0,0,0,1,0,0,0,0,0,0,0,0,0,0,0,
42,46,1,1,1,0,0,0,0,0,1,0,0,0,0,0,0,0,0,0,0,0,
48,46,3,1,1,0,0,0,0,0,1,0,0,0,0,0,0,0,0,0,0,0,
55,46,3,1,1,0,0,0,0,0,1,0,0,0,0,0,0,0,0,0,0,0,
56,46,4,1,1,0,0,0,0,0,1,0,0,0,0,0,0,0,0,0,0,0,
61,46,3,1,1,0,0,0,0,0,1,0,0,0,0,0,0,0,0,0,0,0,
68,46,4,1,1,0,0,0,0,0,1,0,0,0,0,0,0,0,0,0,0,0,
73,46,4,1,1,0,0,0,0,0,1,0,0,0,0,0,0,0,0,0,0,0,
74,46,3,1,1,0,0,0,0,0,1,0,0,0,0,0,0,0,0,0,0,0,
78,46,2,1,1,0,0,0,0,0,1,0,0,0,0,0,0,0,0,0,0,0,
93,46,2,1,1,0,0,0,0,0,1,0,0,0,0,0,0,0,0,0,0,0,
4,47,2,1,1,1,0,0,0,0,0,0,1,0,0,0,0,0,0,0,0,0,
30,47,3,1,1,1,0,0,0,0,0,0,1,0,0,0,0,0,0,0,0,0,
49,47,3,1,1,1,0,0,0,0,0,0,1,0,0,0,0,0,0,0,0,0,
53,47,3,1,1,1,0,0,0,0,0,0,1,0,0,0,0,0,0,0,0,0,
67,47,4,1,1,1,0,0,0,0,0,0,1,0,0,0,0,0,0,0,0,0,
81,47,1,1,1,1,0,0,0,0,0,0,1,0,0,0,0,0,0,0,0,0,
86,47,1,1,1,1,0,0,0,0,0,0,1,0,0,0,0,0,0,0,0,0,
97,47,5,1,1,1,0,0,0,0,0,0,1,0,0,0,0,0,0,0,0,0,
100,47,2,1,1,1,0,0,0,0,0,0,1,0,0,0,0,0,0,0,0,0,
4,48,5,0,0,1,1,0,0,0,0,0,0,0,1,0,0,0,0,0,0,0,
10,48,5,0,0,1,1,0,0,0,0,0,0,0,1,0,0,0,0,0,0,0,
12,48,3,0,0,1,1,0,0,0,0,0,0,0,1,0,0,0,0,0,0,0,
25,48,3,0,0,1,1,0,0,0,0,0,0,0,1,0,0,0,0,0,0,0,
31,48,4,0,0,1,1,0,0,0,0,0,0,0,1,0,0,0,0,0,0,0,
33,48,4,0,0,1,1,0,0,0,0,0,0,0,1,0,0,0,0,0,0,0,
35,48,5,0,0,1,1,0,0,0,0,0,0,0,1,0,0,0,0,0,0,0,
49,48,4,0,0,1,1,0,0,0,0,0,0,0,1,0,0,0,0,0,0,0,
50,48,5,0,0,1,1,0,0,0,0,0,0,0,1,0,0,0,0,0,0,0,
60,48,5,0,0,1,1,0,0,0,0,0,0,0,1,0,0,0,0,0,0,0,
65,48,4,0,0,1,1,0,0,0,0,0,0,0,1,0,0,0,0,0,0,0,
69,48,5,0,0,1,1,0,0,0,0,0,0,0,1,0,0,0,0,0,0,0,
73,48,3,0,0,1,1,0,0,0,0,0,0,0,1,0,0,0,0,0,0,0,
76,48,4,0,0,1,1,0,0,0,0,0,0,0,1,0,0,0,0,0,0,0,
86,48,5,0,0,1,1,0,0,0,0,0,0,0,1,0,0,0,0,0,0,0,
87,48,5,0,0,1,1,0,0,0,0,0,0,0,1,0,0,0,0,0,0,0,
90,48,5,0,0,1,1,0,0,0,0,0,0,0,1,0,0,0,0,0,0,0,
97,48,1,0,0,1,1,0,0,0,0,0,0,0,1,0,0,0,0,0,0,0,
4,49,4,1,1,0,0,0,0,0,1,0,0,1,0,0,0,0,0,0,0,0,
5,49,3,1,1,0,0,0,0,0,1,0,0,1,0,0,0,0,0,0,0,0,
13,49,4,1,1,0,0,0,0,0,1,0,0,1,0,0,0,0,0,0,0,0,
15,49,1,1,1,0,0,0,0,0,1,0,0,1,0,0,0,0,0,0,0,0,
18,49,3,1,1,0,0,0,0,0,1,0,0,1,0,0,0,0,0,0,0,0,
20,49,3,1,1,0,0,0,0,0,1,0,0,1,0,0,0,0,0,0,0,0,
21,49,4,1,1,0,0,0,0,0,1,0,0,1,0,0,0,0,0,0,0,0,
26,49,1,1,1,0,0,0,0,0,1,0,0,1,0,0,0,0,0,0,0,0,
28,49,3,1,1,0,0,0,0,0,1,0,0,1,0,0,0,0,0,0,0,0,
31,49,4,1,1,0,0,0,0,0,1,0,0,1,0,0,0,0,0,0,0,0,
32,49,2,1,1,0,0,0,0,0,1,0,0,1,0,0,0,0,0,0,0,0,
38,49,3,1,1,0,0,0,0,0,1,0,0,1,0,0,0,0,0,0,0,0,
39,49,4,1,1,0,0,0,0,0,1,0,0,1,0,0,0,0,0,0,0,0,
40,49,3,1,1,0,0,0,0,0,1,0,0,1,0,0,0,0,0,0,0,0,
41,49,5,1,1,0,0,0,0,0,1,0,0,1,0,0,0,0,0,0,0,0,
48,49,3,1,1,0,0,0,0,0,1,0,0,1,0,0,0,0,0,0,0,0,
57,49,4,1,1,0,0,0,0,0,1,0,0,1,0,0,0,0,0,0,0,0,
59,49,2,1,1,0,0,0,0,0,1,0,0,1,0,0,0,0,0,0,0,0,
64,49,3,1,1,0,0,0,0,0,1,0,0,1,0,0,0,0,0,0,0,0,
66,49,1,1,1,0,0,0,0,0,1,0,0,1,0,0,0,0,0,0,0,0,
69,49,1,1,1,0,0,0,0,0,1,0,0,1,0,0,0,0,0,0,0,0,
77,49,2,1,1,0,0,0,0,0,1,0,0,1,0,0,0,0,0,0,0,0,
79,49,3,1,1,0,0,0,0,0,1,0,0,1,0,0,0,0,0,0,0,0,
80,49,2,1,1,0,0,0,0,0,1,0,0,1,0,0,0,0,0,0,0,0,
82,49,2,1,1,0,0,0,0,0,1,0,0,1,0,0,0,0,0,0,0,0,
88,49,1,1,1,0,0,0,0,0,1,0,0,1,0,0,0,0,0,0,0,0,
90,49,5,1,1,0,0,0,0,0,1,0,0,1,0,0,0,0,0,0,0,0,
1,50,4,0,0,0,0,1,0,0,0,0,0,0,0,0,0,0,0,0,1,0,
10,50,3,0,0,0,0,1,0,0,0,0,0,0,0,0,0,0,0,0,1,0,
11,50,2,0,0,0,0,1,0,0,0,0,0,0,0,0,0,0,0,0,1,0,
12,50,2,0,0,0,0,1,0,0,0,0,0,0,0,0,0,0,0,0,1,0,
14,50,3,0,0,0,0,1,0,0,0,0,0,0,0,0,0,0,0,0,1,0,
17,50,3,0,0,0,0,1,0,0,0,0,0,0,0,0,0,0,0,0,1,0,
21,50,1,0,0,0,0,1,0,0,0,0,0,0,0,0,0,0,0,0,1,0,
31,50,3,0,0,0,0,1,0,0,0,0,0,0,0,0,0,0,0,0,1,0,
33,50,1,0,0,0,0,1,0,0,0,0,0,0,0,0,0,0,0,0,1,0,
38,50,1,0,0,0,0,1,0,0,0,0,0,0,0,0,0,0,0,0,1,0,
42,50,1,0,0,0,0,1,0,0,0,0,0,0,0,0,0,0,0,0,1,0,
44,50,2,0,0,0,0,1,0,0,0,0,0,0,0,0,0,0,0,0,1,0,
46,50,3,0,0,0,0,1,0,0,0,0,0,0,0,0,0,0,0,0,1,0,
50,50,3,0,0,0,0,1,0,0,0,0,0,0,0,0,0,0,0,0,1,0,
51,50,4,0,0,0,0,1,0,0,0,0,0,0,0,0,0,0,0,0,1,0,
52,50,2,0,0,0,0,1,0,0,0,0,0,0,0,0,0,0,0,0,1,0,
57,50,2,0,0,0,0,1,0,0,0,0,0,0,0,0,0,0,0,0,1,0,
64,50,2,0,0,0,0,1,0,0,0,0,0,0,0,0,0,0,0,0,1,0,
78,50,5,0,0,0,0,1,0,0,0,0,0,0,0,0,0,0,0,0,1,0,
80,50,4,0,0,0,0,1,0,0,0,0,0,0,0,0,0,0,0,0,1,0,
90,50,3,0,0,0,0,1,0,0,0,0,0,0,0,0,0,0,0,0,1,0,
91,50,1,0,0,0,0,1,0,0,0,0,0,0,0,0,0,0,0,0,1,0,
93,50,4,0,0,0,0,1,0,0,0,0,0,0,0,0,0,0,0,0,1,0,
98,50,4,0,0,0,0,1,0,0,0,0,0,0,0,0,0,0,0,0,1,0,
2,51,5,0,0,0,0,1,1,0,0,0,0,0,0,0,0,0,0,0,0,0,
6,51,5,0,0,0,0,1,1,0,0,0,0,0,0,0,0,0,0,0,0,0,
19,51,5,0,0,0,0,1,1,0,0,0,0,0,0,0,0,0,0,0,0,0,
27,51,4,0,0,0,0,1,1,0,0,0,0,0,0,0,0,0,0,0,0,0,
29,51,4,0,0,0,0,1,1,0,0,0,0,0,0,0,0,0,0,0,0,0,
30,51,3,0,0,0,0,1,1,0,0,0,0,0,0,0,0,0,0,0,0,0,
35,51,2,0,0,0,0,1,1,0,0,0,0,0,0,0,0,0,0,0,0,0,
36,51,3,0,0,0,0,1,1,0,0,0,0,0,0,0,0,0,0,0,0,0,
38,51,5,0,0,0,0,1,1,0,0,0,0,0,0,0,0,0,0,0,0,0,
39,51,4,0,0,0,0,1,1,0,0,0,0,0,0,0,0,0,0,0,0,0,
45,51,1,0,0,0,0,1,1,0,0,0,0,0,0,0,0,0,0,0,0,0,
46,51,5,0,0,0,0,1,1,0,0,0,0,0,0,0,0,0,0,0,0,0,
48,51,2,0,0,0,0,1,1,0,0,0,0,0,0,0,0,0,0,0,0,0,
49,51,2,0,0,0,0,1,1,0,0,0,0,0,0,0,0,0,0,0,0,0,
60,51,3,0,0,0,0,1,1,0,0,0,0,0,0,0,0,0,0,0,0,0,
79,51,1,0,0,0,0,1,1,0,0,0,0,0,0,0,0,0,0,0,0,0,
82,51,2,0,0,0,0,1,1,0,0,0,0,0,0,0,0,0,0,0,0,0,
87,51,1,0,0,0,0,1,1,0,0,0,0,0,0,0,0,0,0,0,0,0,
95,51,1,0,0,0,0,1,1,0,0,0,0,0,0,0,0,0,0,0,0,0,
2,52,4,0,0,0,0,1,1,0,0,0,0,0,0,0,0,0,0,0,0,0,
15,52,3,0,0,0,0,1,1,0,0,0,0,0,0,0,0,0,0,0,0,0,
17,52,1,0,0,0,0,1,1,0,0,0,0,0,0,0,0,0,0,0,0,0,
22,52,1,0,0,0,0,1,1,0,0,0,0,0,0,0,0,0,0,0,0,0,
27,52,1,0,0,0,0,1,1,0,0,0,0,0,0,0,0,0,0,0,0,0,
38,52,5,0,0,0,0,1,1,0,0,0,0,0,0,0,0,0,0,0,0,0,
41,52,4,0,0,0,0,1,1,0,0,0,0,0,0,0,0,0,0,0,0,0,
53,52,4,0,0,0,0,1,1,0,0,0,0,0,0,0,0,0,0,0,0,0,
54,52,3,0,0,0,0,1,1,0,0,0,0,0,0,0,0,0,0,0,0,0,
59,52,4,0,0,0,0,1,1,0,0,0,0,0,0,0,0,0,0,0,0,0,
64,52,2,0,0,0,0,1,1,0,0,0,0,0,0,0,0,0,0,0,0,0,
65,52,3,0,0,0,0,1,1,0,0,0,0,0,0,0,0,0,0,0,0,0,
79,52,4,0,0,0,0,1,1,0,0,0,0,0,0,0,0,0,0,0,0,0,
89,52,4,0,0,0,0,1,1,0,0,0,0,0,0,0,0,0,0,0,0,0,
91,52,5,0,0,0,0,1,1,0,0,0,0,0,0,0,0,0,0,0,0,0,
96,52,3,0,0,0,0,1,1,0,0,0,0,0,0,0,0,0,0,0,0,0,
100,52,2,0,0,0,0,1,1,0,0,0,0,0,0,0,0,0,0,0,0,0,
2,53,3,0,0,0,0,1,1,0,0,0,0,0,0,0,0,0,0,0,0,0,
3,53,3,0,0,0,0,1,1,0,0,0,0,0,0,0,0,0,0,0,0,0,
11,53,1,0,0,0,0,1,1,0,0,0,0,0,0,0,0,0,0,0,0,0,
12,53,4,0,0,0,0,1,1,0,0,0,0,0,0,0,0,0,0,0,0,0,
13,53,4,0,0,0,0,1,1,0,0,0,0,0,0,0,0,0,0,0,0,0,
15,53,1,0,0,0,0,1,1,0,0,0,0,0,0,0,0,0,0,0,0,0,
43,53,4,0,0,0,0,1,1,0,0,0,0,0,0,0,0,0,0,0,0,0,
50,53,2,0,0,0,0,1,1,0,0,0,0,0,0,0,0,0,0,0,0,0,
52,53,1,0,0,0,0,1,1,0,0,0,0,0,0,0,0,0,0,0,0,0,
54,53,3,0,0,0,0,1,1,0,0,0,0,0,0,0,0,0,0,0,0,0,
61,53,1,0,0,0,0,1,1,0,0,0,0,0,0,0,0,0,0,0,0,0,
70,53,2,0,0,0,0,1,1,0,0,0,0,0,0,0,0,0,0,0,0,0,
90,53,3,0,0,0,0,1,1,0,0,0,0,0,0,0,0,0,0,0,0,0,
95,53,4,0,0,0,0,1,1,0,0,0,0,0,0,0,0,0,0,0,0,0,
96,53,1,0,0,0,0,1,1,0,0,0,0,0,0,0,0,0,0,0,0,0,
1,1,1,0,1,1,1,0,0,0,0,0,1,1,0,1,0,0,0,0,0,0,
1,29,1,1,1,0,0,0,0,0,1,0,0,0,0,0,0,0,0,0,0,0,
1,17,5,1,1,0,0,0,0,0,0,1,0,0,0,0,0,0,0,0,1,0,
1,11,1,0,0,0,0,1,0,0,1,0,0,0,0,0,0,0,0,0,0,0,
1,6,5,0,1,1,1,0,0,0,0,1,0,1,0,1,1,0,0,0,0,0,
1,45,2,0,0,0,1,1,0,0,0,0,0,1,1,0,0,0,0,0,1,0,
1,31,1,0,1,1,0,0,0,0,0,0,1,0,0,0,0,0,0,0,0,0,